Author,Type,local,public,precision,date,x,y
Test,Podgrzybek,1,0,0,1/6/2020,-72.140337,44.411036
Test,Podgrzybek,1,0,0,1/6/2020,-81.7339387,41.3748009
Test,Podgrzybek,1,0,0,1/6/2020,-82.8187,34.8042
Test,Podgrzybek,1,0,0,1/6/2020,-94.2746191,37.495628
Test,Podgrzybek,1,0,0,1/6/2020,-73.9493,40.7939
Test,Podgrzybek,1,0,0,1/6/2020,-86.790709,36.11837
Test,Podgrzybek,1,0,0,1/6/2020,-73.9482477,40.8089533
Test,Podgrzybek,1,0,0,1/6/2020,-75.53446,39.742117
Test,Podgrzybek,1,0,0,1/6/2020,-77.0320505,38.9169984
Test,Podgrzybek,1,0,0,1/6/2020,-77.0334486,38.9559783
Test,Podgrzybek,1,0,0,1/6/2020,-122.649446,45.534498
Test,Podgrzybek,1,0,0,1/6/2020,-73.9167841,40.8398843
Test,Podgrzybek,1,0,0,1/6/2020,-73.938049,40.846354
Test,Podgrzybek,1,0,0,1/6/2020,-93.2591,45.0044
Test,Podgrzybek,1,0,0,1/6/2020,-77.428364,37.53385
Test,Podgrzybek,1,0,0,1/6/2020,-75.173431,39.940943
Test,Podgrzybek,1,0,0,1/6/2020,-103.662538,41.864268
Test,Podgrzybek,1,0,0,1/6/2020,-88.1622392,39.4907144
Test,Podgrzybek,1,0,0,1/6/2020,-82.8578732,29.4848541
Test,Podgrzybek,1,0,0,1/6/2020,-122.1569875,47.7502397
Test,Podgrzybek,1,0,0,1/6/2020,-95.714514,39.028184
Test,Podgrzybek,1,0,0,1/6/2020,-75.181286,39.932257
Test,Podgrzybek,1,0,0,1/6/2020,-73.994358,40.404837
Test,Podgrzybek,1,0,0,1/6/2020,-111.8206049,41.7782437
Test,Podgrzybek,1,0,0,1/6/2020,-75.1722883,40.0040946
Test,Podgrzybek,1,0,0,1/6/2020,-75.19204,39.9373
Test,Podgrzybek,1,0,0,1/6/2020,-79.048573,37.583311
Test,Podgrzybek,1,0,0,1/6/2020,-84.18103,39.762593
Test,Podgrzybek,1,0,0,1/6/2020,-88.425186,41.356383
Test,Podgrzybek,1,0,0,1/6/2020,-86.002754,30.279017
Test,Podgrzybek,1,0,0,1/6/2020,-74.783289,40.268253
Test,Podgrzybek,1,0,0,1/6/2020,-76.611,39.3272
Test,Podgrzybek,1,0,0,1/6/2020,-75.187167,39.988802
Test,Podgrzybek,1,0,0,1/6/2020,-86.1575468,39.8255595
Test,Podgrzybek,1,0,0,1/6/2020,-119.754962,39.534773
Test,Podgrzybek,1,0,0,1/6/2020,-77.5666043,43.1658344
Test,Podgrzybek,1,0,0,1/6/2020,-75.138654,39.991748
Test,Podgrzybek,1,0,0,1/6/2020,-105.073,40.3954
Test,Podgrzybek,1,0,0,1/6/2020,-86.0476,39.8481
Test,Podgrzybek,1,0,0,1/6/2020,-75.224492,39.965054
Test,Podgrzybek,1,0,0,1/6/2020,-73.985839,40.768159
Test,Podgrzybek,1,0,0,1/6/2020,-75.228303,39.935721
Test,Podgrzybek,1,0,0,1/6/2020,-87.5905914,41.784079
Test,Podgrzybek,1,0,0,1/6/2020,-73.9757,40.7818
Test,Podgrzybek,1,0,0,1/6/2020,-73.95009,40.773749
Test,Podgrzybek,1,0,0,1/6/2020,-85.449944,31.232252
Test,Podgrzybek,1,0,0,1/6/2020,-91.6626534,41.972837
Test,Podgrzybek,1,0,0,1/6/2020,-73.946421,40.780931
Test,Podgrzybek,1,0,0,1/6/2020,-73.967012,40.79356
Test,Podgrzybek,1,0,0,1/6/2020,-97.6117504,38.8528359
Test,Podgrzybek,1,0,0,1/6/2020,-111.9195223,40.7470177
Test,Podgrzybek,1,0,0,1/6/2020,-80.221052,26.489351
Test,Podgrzybek,1,0,0,1/6/2020,-84.279874,30.461953
Test,Podgrzybek,1,0,0,1/6/2020,-76.6123,39.006
Test,Podgrzybek,1,0,0,1/6/2020,-82.380242,34.177429
Test,Podgrzybek,1,0,0,1/6/2020,-85.250365,31.571271
Test,Podgrzybek,1,0,0,1/6/2020,-90.307145,44.945665
Test,Podgrzybek,1,0,0,1/6/2020,-93.2629,44.9556
Test,Podgrzybek,1,0,0,1/6/2020,-98.4866,45.4631
Test,Podgrzybek,1,0,0,1/6/2020,-123.816413,46.972973
Test,Podgrzybek,1,0,0,1/6/2020,-97.2139,38.9153
Test,Podgrzybek,1,0,0,1/6/2020,-81.977094,36.708934
Test,Podgrzybek,1,0,0,1/6/2020,-74.00528,40.737177
Test,Podgrzybek,1,0,0,1/6/2020,-70.9369,42.119
Test,Podgrzybek,1,0,0,1/6/2020,-75.7746,41.425
Test,Podgrzybek,1,0,0,1/6/2020,-90.038907,30.479064
Test,Podgrzybek,1,0,0,1/6/2020,-106.565838,35.103988
Test,Podgrzybek,1,0,0,1/6/2020,-75.0998,40.8743
Test,Podgrzybek,1,0,0,1/6/2020,-68.9716,44.5908
Test,Podgrzybek,1,0,0,1/6/2020,-92.0634,30.2147
Test,Podgrzybek,1,0,0,1/6/2020,-75.4541,43.2098
Test,Podgrzybek,1,0,0,1/6/2020,-91.492638,36.991165
Test,Podgrzybek,1,0,0,1/6/2020,-80.263351,26.775639
Test,Podgrzybek,1,0,0,1/6/2020,-71.47415,42.47518
Test,Podgrzybek,1,0,0,1/6/2020,-70.900856,41.7200523
Test,Podgrzybek,1,0,0,1/6/2020,-84.6767,34.0657
Test,Podgrzybek,1,0,0,1/6/2020,-96.679869,34.773589
Test,Podgrzybek,1,0,0,1/6/2020,-85.4889683,42.9553715
Test,Podgrzybek,1,0,0,1/6/2020,-85.297,37.1043
Test,Podgrzybek,1,0,0,1/6/2020,-84.929569,34.375727
Test,Podgrzybek,1,0,0,1/6/2020,-83.546335,38.795271
Test,Podgrzybek,1,0,0,1/6/2020,-77.234147,39.830597
Test,Podgrzybek,1,0,0,1/6/2020,-77.234147,39.830597
Test,Podgrzybek,1,0,0,1/6/2020,-73.118003,42.6244919
Test,Podgrzybek,1,0,0,1/6/2020,-77.0426674,38.9226795
Test,Podgrzybek,1,0,0,1/6/2020,-155.9236509,19.525784
Test,Podgrzybek,1,0,0,1/6/2020,-74.0231,40.6875
Test,Podgrzybek,1,0,0,1/6/2020,-87.9934,41.9321
Test,Podgrzybek,1,0,0,1/6/2020,-94.0175,41.6144
Test,Podgrzybek,1,0,0,1/6/2020,-117.405,34.5593
Test,Podgrzybek,1,0,0,1/6/2020,-84.034589,41.900169
Test,Podgrzybek,1,0,0,1/6/2020,-77.6360764,43.1466026
Test,Podgrzybek,1,0,0,1/6/2020,-80.670172,35.414038
Test,Podgrzybek,1,0,0,1/6/2020,-74.207478,39.992509
Test,Podgrzybek,1,0,0,1/6/2020,-75.2113,38.3388
Test,Podgrzybek,1,0,0,1/6/2020,-89.801733,35.127452
Test,Podgrzybek,1,0,0,1/6/2020,-111.726215,33.321658
Test,Podgrzybek,1,0,0,1/6/2020,-111.983242,33.331331
Test,Podgrzybek,1,0,0,1/6/2020,-81.7084941,33.5568819
Test,Podgrzybek,1,0,0,1/6/2020,-157.84493,21.287867
Test,Podgrzybek,1,0,0,1/6/2020,-82.441117,28.48114
Test,Podgrzybek,1,0,0,1/6/2020,-154.951,19.4975
Test,Podgrzybek,1,0,0,1/6/2020,-86.7012813,30.7986832
Test,Podgrzybek,1,0,0,1/6/2020,-96.5573,42.8309
Test,Podgrzybek,1,0,0,1/6/2020,-74.6677,44.9739
Test,Podgrzybek,1,0,0,1/6/2020,-87.65585,30.250746
Test,Podgrzybek,1,0,0,1/6/2020,-82.352515,29.7106652
Test,Podgrzybek,1,0,0,1/6/2020,-79.4357,36.0943
Test,Podgrzybek,1,0,0,1/6/2020,-122.276762,37.774248
Test,Podgrzybek,1,0,0,1/6/2020,-115.1435,37.33075
Test,Podgrzybek,1,0,0,1/6/2020,-98.481174,29.493258
Test,Podgrzybek,1,0,0,1/6/2020,-105.9609907,32.9140955
Test,Podgrzybek,1,0,0,1/6/2020,-105.9606,32.92649
Test,Podgrzybek,1,0,0,1/6/2020,-105.865236,37.468359
Test,Podgrzybek,1,0,0,1/6/2020,-84.15366,31.57684
Test,Podgrzybek,1,0,0,1/6/2020,-123.1061,44.6349
Test,Podgrzybek,1,0,0,1/6/2020,-85.235831,40.299191
Test,Podgrzybek,1,0,0,1/6/2020,-78.443989,38.126178
Test,Podgrzybek,1,0,0,1/6/2020,-93.368932,43.650895
Test,Podgrzybek,1,0,0,1/6/2020,-87.4101,32.2319
Test,Podgrzybek,1,0,0,1/6/2020,-84.751569,42.243544
Test,Podgrzybek,1,0,0,1/6/2020,-106.656893,35.085972
Test,Podgrzybek,1,0,0,1/6/2020,-106.55762,35.1506
Test,Podgrzybek,1,0,0,1/6/2020,-106.578,35.0553
Test,Podgrzybek,1,0,0,1/6/2020,-83.2973,44.6547
Test,Podgrzybek,1,0,0,1/6/2020,-80.642024,37.725954
Test,Podgrzybek,1,0,0,1/6/2020,-93.0877,44.9609
Test,Podgrzybek,1,0,0,1/6/2020,-97.602554,32.696496
Test,Podgrzybek,1,0,0,1/6/2020,-81.178122,35.919748
Test,Podgrzybek,1,0,0,1/6/2020,-75.9157,44.3314
Test,Podgrzybek,1,0,0,1/6/2020,-92.466449,31.294132
Test,Podgrzybek,1,0,0,1/6/2020,-95.375902,45.890762
Test,Podgrzybek,1,0,0,1/6/2020,-77.789505,42.253557
Test,Podgrzybek,1,0,0,1/6/2020,-87.4363,44.6077
Test,Podgrzybek,1,0,0,1/6/2020,-88.293,42.165
Test,Podgrzybek,1,0,0,1/6/2020,-155.982,19.6144
Test,Podgrzybek,1,0,0,1/6/2020,-121.634178,36.673319
Test,Podgrzybek,1,0,0,1/6/2020,-80.430378,25.50788
Test,Podgrzybek,1,0,0,1/6/2020,-97.704718,26.155226
Test,Podgrzybek,1,0,0,1/6/2020,-89.890478,35.090458
Test,Podgrzybek,1,0,0,1/6/2020,-81.0358,33.9847
Test,Podgrzybek,1,0,0,1/6/2020,-81.0044,33.9874
Test,Podgrzybek,1,0,0,1/6/2020,-91.475223,43.276279
Test,Podgrzybek,1,0,0,1/6/2020,-85.849658,42.529649
Test,Podgrzybek,1,0,0,1/6/2020,-81.122593,36.503003
Test,Podgrzybek,1,0,0,1/6/2020,-95.409262,37.928693
Test,Podgrzybek,1,0,0,1/6/2020,-95.435424,37.819004
Test,Podgrzybek,1,0,0,1/6/2020,-95.403438,37.921806
Test,Podgrzybek,1,0,0,1/6/2020,-84.5263803,42.7302387
Test,Podgrzybek,1,0,0,1/6/2020,-81.3191,33.0044
Test,Podgrzybek,1,0,0,1/6/2020,-75.4942,40.6008
Test,Podgrzybek,1,0,0,1/6/2020,-79.7254,40.6218
Test,Podgrzybek,1,0,0,1/6/2020,-102.871,42.0971
Test,Podgrzybek,1,0,0,1/6/2020,-81.1024,40.9216
Test,Podgrzybek,1,0,0,1/6/2020,-81.89128,26.59521
Test,Podgrzybek,1,0,0,1/6/2020,-71.1299,42.3629
Test,Podgrzybek,1,0,0,1/6/2020,-71.1378418,42.353384
Test,Podgrzybek,1,0,0,1/6/2020,-99.3625,40.1008
Test,Podgrzybek,1,0,0,1/6/2020,-84.656984,43.3802699
Test,Podgrzybek,1,0,0,1/6/2020,-83.0475,42.9216
Test,Podgrzybek,1,0,0,1/6/2020,-122.858722,45.480164
Test,Podgrzybek,1,0,0,1/6/2020,-83.430998,45.061878
Test,Podgrzybek,1,0,0,1/6/2020,-115.998,44.4251
Test,Podgrzybek,1,0,0,1/6/2020,-87.727804,41.664913
Test,Podgrzybek,1,0,0,1/6/2020,-118.1581301,34.2003788
Test,Podgrzybek,1,0,0,1/6/2020,-74.0325,42.7013
Test,Podgrzybek,1,0,0,1/6/2020,-79.2838,37.1185
Test,Podgrzybek,1,0,0,1/6/2020,-90.1780932,38.8887926
Test,Podgrzybek,1,0,0,1/6/2020,-78.2462,40.6787
Test,Podgrzybek,1,0,0,1/6/2020,-99.3336,34.6491
Test,Podgrzybek,1,0,0,1/6/2020,-121.833288,37.36777
Test,Podgrzybek,1,0,0,1/6/2020,-98.6602,36.8083
Test,Podgrzybek,1,0,0,1/6/2020,-120.7741018,38.3488023
Test,Podgrzybek,1,0,0,1/6/2020,-120.7741018,38.3488023
Test,Podgrzybek,1,0,0,1/6/2020,-120.7741018,38.3488023
Test,Podgrzybek,1,0,0,1/6/2020,-80.225,40.5819
Test,Podgrzybek,1,0,0,1/6/2020,-77.9805478,37.3426037
Test,Podgrzybek,1,0,0,1/6/2020,-81.454531,30.579786
Test,Podgrzybek,1,0,0,1/6/2020,-73.5549,41.8513
Test,Podgrzybek,1,0,0,1/6/2020,-108.564,39.0682
Test,Podgrzybek,1,0,0,1/6/2020,-93.2862,30.8469
Test,Podgrzybek,1,0,0,1/6/2020,-92.3624,45.3072
Test,Podgrzybek,1,0,0,1/6/2020,-93.614943,42.025222
Test,Podgrzybek,1,0,0,1/6/2020,-72.519422,42.374858
Test,Podgrzybek,1,0,0,1/6/2020,-72.519778,42.379974
Test,Podgrzybek,1,0,0,1/6/2020,-72.511105,42.384866
Test,Podgrzybek,1,0,0,1/6/2020,-84.099043,34.437795
Test,Podgrzybek,1,0,0,1/6/2020,-84.03157,34.357705
Test,Podgrzybek,1,0,0,1/6/2020,-81.255883,38.583305
Test,Podgrzybek,1,0,0,1/6/2020,-86.717491,36.257792
Test,Podgrzybek,1,0,0,1/6/2020,-74.1849,42.939627
Test,Podgrzybek,1,0,0,1/6/2020,-112.954123,46.12798
Test,Podgrzybek,1,0,0,1/6/2020,-122.609181,48.516974
Test,Podgrzybek,1,0,0,1/6/2020,-100.24061,47.880722
Test,Podgrzybek,1,0,0,1/6/2020,-91.2795,42.1083
Test,Podgrzybek,1,0,0,1/6/2020,-149.880724,61.208059
Test,Podgrzybek,1,0,0,1/6/2020,-149.891,61.2195
Test,Podgrzybek,1,0,0,1/6/2020,-85.669117,40.111063
Test,Podgrzybek,1,0,0,1/6/2020,-84.918057,38.074839
Test,Podgrzybek,1,0,0,1/6/2020,-82.652197,34.506898
Test,Podgrzybek,1,0,0,1/6/2020,-83.8824,39.7668
Test,Podgrzybek,1,0,0,1/6/2020,-84.350563,39.078533
Test,Podgrzybek,1,0,0,1/6/2020,-122.408,40.4487
Test,Podgrzybek,1,0,0,1/6/2020,-87.6687,41.978
Test,Podgrzybek,1,0,0,1/6/2020,-93.3573105,45.2192618
Test,Podgrzybek,1,0,0,1/6/2020,-71.138819,42.653444
Test,Podgrzybek,1,0,0,1/6/2020,-83.8232,35.2027
Test,Podgrzybek,1,0,0,1/6/2020,-78.015956,42.306061
Test,Podgrzybek,1,0,0,1/6/2020,-94.697749,31.321061
Test,Podgrzybek,1,0,0,1/6/2020,-120.5427,38.072158
Test,Podgrzybek,1,0,0,1/6/2020,-83.746653,42.283836
Test,Podgrzybek,1,0,0,1/6/2020,-73.716466,40.708292
Test,Podgrzybek,1,0,0,1/6/2020,-89.2093,37.4604
Test,Podgrzybek,1,0,0,1/6/2020,-77.196229,38.832801
Test,Podgrzybek,1,0,0,1/6/2020,-94.1238322,45.2636097
Test,Podgrzybek,1,0,0,1/6/2020,-76.5556,38.9763
Test,Podgrzybek,1,0,0,1/6/2020,-64.8799,17.7099
Test,Podgrzybek,1,0,0,1/6/2020,-93.384261,45.197726
Test,Podgrzybek,1,0,0,1/6/2020,-93.2525239,45.13304
Test,Podgrzybek,1,0,0,1/6/2020,-93.2459,45.0489
Test,Podgrzybek,1,0,0,1/6/2020,-75.641899,40.079648
Test,Podgrzybek,1,0,0,1/6/2020,-80.052567,34.940829
Test,Podgrzybek,1,0,0,1/6/2020,-118.1662288,34.6470421
Test,Podgrzybek,1,0,0,1/6/2020,-112.136313,33.862997
Test,Podgrzybek,1,0,0,1/6/2020,-98.038,37.1521
Test,Podgrzybek,1,0,0,1/6/2020,-89.149389,45.137757
Test,Podgrzybek,1,0,0,1/6/2020,-88.09457,42.478128
Test,Podgrzybek,1,0,0,1/6/2020,-78.849899,35.7320152
Test,Podgrzybek,1,0,0,1/6/2020,-83.194852,35.96175
Test,Podgrzybek,1,0,0,1/6/2020,-82.4819,36.4183
Test,Podgrzybek,1,0,0,1/6/2020,-101.8364,33.57785
Test,Podgrzybek,1,0,0,1/6/2020,-101.611862,33.666336
Test,Podgrzybek,1,0,0,1/6/2020,-93.2072,44.7309
Test,Podgrzybek,1,0,0,1/6/2020,-96.020796,45.20334
Test,Podgrzybek,1,0,0,1/6/2020,-88.40703,44.26201
Test,Podgrzybek,1,0,0,1/6/2020,-121.9270394,36.9872756
Test,Podgrzybek,1,0,0,1/6/2020,-71.271936,41.529191
Test,Podgrzybek,1,0,0,1/6/2020,-71.3048066,41.4833807
Test,Podgrzybek,1,0,0,1/6/2020,-122.066082,38.953013
Test,Podgrzybek,1,0,0,1/6/2020,-78.4308288,42.5337764
Test,Podgrzybek,1,0,0,1/6/2020,-90.6278618,37.5945109
Test,Podgrzybek,1,0,0,1/6/2020,-76.996697,38.860661
Test,Podgrzybek,1,0,0,1/6/2020,-77.0146728,38.9271809
Test,Podgrzybek,1,0,0,1/6/2020,-77.0093913,38.8312359
Test,Podgrzybek,1,0,0,1/6/2020,-76.9781261,38.9008251
Test,Podgrzybek,1,0,0,1/6/2020,-77.0044361,38.8400841
Test,Podgrzybek,1,0,0,1/6/2020,-76.9324515,38.9082997
Test,Podgrzybek,1,0,0,1/6/2020,-76.9971713,38.9237975
Test,Podgrzybek,1,0,0,1/6/2020,-76.9991386,38.8286428
Test,Podgrzybek,1,0,0,1/6/2020,-77.0159591,38.9175043
Test,Podgrzybek,1,0,0,1/6/2020,-76.9468929,38.9007582
Test,Podgrzybek,1,0,0,1/6/2020,-76.9940286,38.8358959
Test,Podgrzybek,1,0,0,1/6/2020,-76.9849936,38.8359393
Test,Podgrzybek,1,0,0,1/6/2020,-77.0201911,38.9002248
Test,Podgrzybek,1,0,0,1/6/2020,-124.086882,40.868397
Test,Podgrzybek,1,0,0,1/6/2020,-77.7871186,38.8518451
Test,Podgrzybek,1,0,0,1/6/2020,-97.4258,27.7763
Test,Podgrzybek,1,0,0,1/6/2020,-83.961296,43.983428
Test,Podgrzybek,1,0,0,1/6/2020,-83.838671,42.2532638
Test,Podgrzybek,1,0,0,1/6/2020,-97.0386,37.0609
Test,Podgrzybek,1,0,0,1/6/2020,-91.5488,34.4851
Test,Podgrzybek,1,0,0,1/6/2020,-91.3401,34.2823
Test,Podgrzybek,1,0,0,1/6/2020,-92.3709,34.7568
Test,Podgrzybek,1,0,0,1/6/2020,-92.2329,34.7955
Test,Podgrzybek,1,0,0,1/6/2020,-92.3452,34.7404
Test,Podgrzybek,1,0,0,1/6/2020,-92.269599,34.743076
Test,Podgrzybek,1,0,0,1/6/2020,-98.178852,37.896668
Test,Podgrzybek,1,0,0,1/6/2020,-73.901164,41.691447
Test,Podgrzybek,1,0,0,1/6/2020,-71.164738,42.427739
Test,Podgrzybek,1,0,0,1/6/2020,-77.084592,38.88959
Test,Podgrzybek,1,0,0,1/6/2020,-122.126899,48.192878
Test,Podgrzybek,1,0,0,1/6/2020,-87.9808,42.086
Test,Podgrzybek,1,0,0,1/6/2020,-77.1121896,38.8562594
Test,Podgrzybek,1,0,0,1/6/2020,-74.070764,40.714274
Test,Podgrzybek,1,0,0,1/6/2020,-73.146078,43.072884
Test,Podgrzybek,1,0,0,1/6/2020,-106.6776259,35.0526489
Test,Podgrzybek,1,0,0,1/6/2020,-71.432244,41.814735
Test,Podgrzybek,1,0,0,1/6/2020,-90.353093,38.453275
Test,Podgrzybek,1,0,0,1/6/2020,-120.362,38.239
Test,Podgrzybek,1,0,0,1/6/2020,-120.552,35.1271
Test,Podgrzybek,1,0,0,1/6/2020,-120.606,35.1221
Test,Podgrzybek,1,0,0,1/6/2020,-88.4518,39.7033
Test,Podgrzybek,1,0,0,1/6/2020,-81.304341,29.027562
Test,Podgrzybek,1,0,0,1/6/2020,-83.020813,42.830852
Test,Podgrzybek,1,0,0,1/6/2020,-75.587797,39.948293
Test,Podgrzybek,1,0,0,1/6/2020,-85.953111,39.292351
Test,Podgrzybek,1,0,0,1/6/2020,-110.799,32.2579
Test,Podgrzybek,1,0,0,1/6/2020,-105.081455,39.800138
Test,Podgrzybek,1,0,0,1/6/2020,-105.155,39.8488
Test,Podgrzybek,1,0,0,1/6/2020,-74.0094,40.2164
Test,Podgrzybek,1,0,0,1/6/2020,-74.0007788,40.219339
Test,Podgrzybek,1,0,0,1/6/2020,-79.8175,35.7049
Test,Podgrzybek,1,0,0,1/6/2020,-87.626,41.8851
Test,Podgrzybek,1,0,0,1/6/2020,-71.940856,42.60827
Test,Podgrzybek,1,0,0,1/6/2020,-71.8208,42.6778
Test,Podgrzybek,1,0,0,1/6/2020,-94.131,33.6747
Test,Podgrzybek,1,0,0,1/6/2020,-81.493514,36.402494
Test,Podgrzybek,1,0,0,1/6/2020,-82.548852,35.593481
Test,Podgrzybek,1,0,0,1/6/2020,-82.554646,35.486275
Test,Podgrzybek,1,0,0,1/6/2020,-72.790325,42.525744
Test,Podgrzybek,1,0,0,1/6/2020,-72.1646,41.8663
Test,Podgrzybek,1,0,0,1/6/2020,-90.8907,46.5882
Test,Podgrzybek,1,0,0,1/6/2020,-77.483393,37.758739
Test,Podgrzybek,1,0,0,1/6/2020,-71.461538,42.260027
Test,Podgrzybek,1,0,0,1/6/2020,-81.1279,34.0412
Test,Podgrzybek,1,0,0,1/6/2020,-91.9664,33.1353
Test,Podgrzybek,1,0,0,1/6/2020,-99.3684,46.0344
Test,Podgrzybek,1,0,0,1/6/2020,-109.524091666667,40.4557472222222
Test,Podgrzybek,1,0,0,1/6/2020,-71.06417,42.285469
Test,Podgrzybek,1,0,0,1/6/2020,-111.446,44.0714
Test,Podgrzybek,1,0,0,1/6/2020,-80.7998,41.8995
Test,Podgrzybek,1,0,0,1/6/2020,-105.025219,39.585505
Test,Podgrzybek,1,0,0,1/6/2020,-106.817,39.1894
Test,Podgrzybek,1,0,0,1/6/2020,-73.932452,40.767672
Test,Podgrzybek,1,0,0,1/6/2020,-123.8302951,46.185509
Test,Podgrzybek,1,0,0,1/6/2020,-90.667327,35.840771
Test,Podgrzybek,1,0,0,1/6/2020,-105.573,33.5455
Test,Podgrzybek,1,0,0,1/6/2020,-120.664,35.4858
Test,Podgrzybek,1,0,0,1/6/2020,-120.667,35.4882
Test,Podgrzybek,1,0,0,1/6/2020,-120.669,35.4901
Test,Podgrzybek,1,0,0,1/6/2020,-95.119878,39.560737
Test,Podgrzybek,1,0,0,1/6/2020,-89.723,39.9602
Test,Podgrzybek,1,0,0,1/6/2020,-82.0584387,39.3359163
Test,Podgrzybek,1,0,0,1/6/2020,-85.235417,42.091051
Test,Podgrzybek,1,0,0,1/6/2020,-84.591849,35.441046
Test,Podgrzybek,1,0,0,1/6/2020,-83.376055,33.959569
Test,Podgrzybek,1,0,0,1/6/2020,-83.380247,33.959088
Test,Podgrzybek,1,0,0,1/6/2020,-83.4121317,33.9644564
Test,Podgrzybek,1,0,0,1/6/2020,-83.383849,33.956318
Test,Podgrzybek,1,0,0,1/6/2020,-86.9735003,34.8013039
Test,Podgrzybek,1,0,0,1/6/2020,-80.86127,35.20844
Test,Podgrzybek,1,0,0,1/6/2020,-72.2158367,42.5892837
Test,Podgrzybek,1,0,0,1/6/2020,-84.4009,33.6168
Test,Podgrzybek,1,0,0,1/6/2020,-74.4256,39.363
Test,Podgrzybek,1,0,0,1/6/2020,-94.9965,41.4043
Test,Podgrzybek,1,0,0,1/6/2020,-74.038861,40.412777
Test,Podgrzybek,1,0,0,1/6/2020,-89.579812,33.066107
Test,Podgrzybek,1,0,0,1/6/2020,-86.0885852,34.0217639
Test,Podgrzybek,1,0,0,1/6/2020,-71.299235,41.937562
Test,Podgrzybek,1,0,0,1/6/2020,-118.25983,34.118435
Test,Podgrzybek,1,0,0,1/6/2020,-121.098,38.9218
Test,Podgrzybek,1,0,0,1/6/2020,-83.828,34.0137
Test,Podgrzybek,1,0,0,1/6/2020,-76.570169,42.933812
Test,Podgrzybek,1,0,0,1/6/2020,-85.0514,41.3606
Test,Podgrzybek,1,0,0,1/6/2020,-95.815734,38.909597
Test,Podgrzybek,1,0,0,1/6/2020,-71.8358,42.2047
Test,Podgrzybek,1,0,0,1/6/2020,-122.218105,47.298296
Test,Podgrzybek,1,0,0,1/6/2020,-70.224564,44.087793
Test,Podgrzybek,1,0,0,1/6/2020,-83.220416,42.6337033
Test,Podgrzybek,1,0,0,1/6/2020,-121.068,38.9007
Test,Podgrzybek,1,0,0,1/6/2020,-121.076,38.8961
Test,Podgrzybek,1,0,0,1/6/2020,-93.237129,45.016819
Test,Podgrzybek,1,0,0,1/6/2020,-94.9375,41.7386
Test,Podgrzybek,1,0,0,1/6/2020,-81.346417,28.568415
Test,Podgrzybek,1,0,0,1/6/2020,-93.2407,44.9665
Test,Podgrzybek,1,0,0,1/6/2020,-69.772623,44.321617
Test,Podgrzybek,1,0,0,1/6/2020,-81.9641247,33.462514
Test,Podgrzybek,1,0,0,1/6/2020,-93.7201867,36.948908
Test,Podgrzybek,1,0,0,1/6/2020,-93.7201122,36.9488694
Test,Podgrzybek,1,0,0,1/6/2020,-93.717404,36.970302
Test,Podgrzybek,1,0,0,1/6/2020,-88.308684,41.762039
Test,Podgrzybek,1,0,0,1/6/2020,-88.247947,41.744077
Test,Podgrzybek,1,0,0,1/6/2020,-88.362122,41.764832
Test,Podgrzybek,1,0,0,1/6/2020,-73.6676,44.4427
Test,Podgrzybek,1,0,0,1/6/2020,-87.626,41.8851
Test,Podgrzybek,1,0,0,1/6/2020,-92.969561,43.66672
Test,Podgrzybek,1,0,0,1/6/2020,-80.774094,41.070511
Test,Podgrzybek,1,0,0,1/6/2020,-112.8622884,32.3726313
Test,Podgrzybek,1,0,0,1/6/2020,-89.4946,37.8883
Test,Podgrzybek,1,0,0,1/6/2020,-92.6604457,36.951999
Test,Podgrzybek,1,0,0,1/6/2020,-80.17362,25.87024
Test,Podgrzybek,1,0,0,1/6/2020,-81.9219,36.0822
Test,Podgrzybek,1,0,0,1/6/2020,-86.38263,39.765279
Test,Podgrzybek,1,0,0,1/6/2020,-82.020624,41.509613
Test,Podgrzybek,1,0,0,1/6/2020,-72.860448,41.78971
Test,Podgrzybek,1,0,0,1/6/2020,-77.733822,42.910709
Test,Podgrzybek,1,0,0,1/6/2020,-79.644,32.9901
Test,Podgrzybek,1,0,0,1/6/2020,-77.0175504,38.8792834
Test,Podgrzybek,1,0,0,1/6/2020,-71.5894,42.56
Test,Podgrzybek,1,0,0,1/6/2020,-93.2905,30.854
Test,Podgrzybek,1,0,0,1/6/2020,-107.989096,36.827899
Test,Podgrzybek,1,0,0,1/6/2020,-94.383498,36.593521
Test,Podgrzybek,1,0,0,1/6/2020,-94.4265963,36.6396152
Test,Podgrzybek,1,0,0,1/6/2020,-94.440808,36.67013
Test,Podgrzybek,1,0,0,1/6/2020,-75.963,41.3327
Test,Podgrzybek,1,0,0,1/6/2020,-95.397,47.5218
Test,Podgrzybek,1,0,0,1/6/2020,-92.6417,38.1973
Test,Podgrzybek,1,0,0,1/6/2020,-86.817696,39.7622329
Test,Podgrzybek,1,0,0,1/6/2020,-84.5755207,30.9073968
Test,Podgrzybek,1,0,0,1/6/2020,-122.519178,47.626023
Test,Podgrzybek,1,0,0,1/6/2020,-117.823036,44.782836
Test,Podgrzybek,1,0,0,1/6/2020,-118.968,35.383
Test,Podgrzybek,1,0,0,1/6/2020,-119.088,36.203
Test,Podgrzybek,1,0,0,1/6/2020,-119.023,35.3867
Test,Podgrzybek,1,0,0,1/6/2020,-82.1572,36.0159
Test,Podgrzybek,1,0,0,1/6/2020,-77.839,40.963
Test,Podgrzybek,1,0,0,1/6/2020,-95.188036,38.774763
Test,Podgrzybek,1,0,0,1/6/2020,-73.6128,40.6424
Test,Podgrzybek,1,0,0,1/6/2020,-116.811,34.2891
Test,Podgrzybek,1,0,0,1/6/2020,-117.965,34.0856
Test,Podgrzybek,1,0,0,1/6/2020,-92.370763,44.966999
Test,Podgrzybek,1,0,0,1/6/2020,-88.966491,37.071983
Test,Podgrzybek,1,0,0,1/6/2020,-122.384667,47.667591
Test,Podgrzybek,1,0,0,1/6/2020,-77.1165,38.8826
Test,Podgrzybek,1,0,0,1/6/2020,-73.84984,43.002364
Test,Podgrzybek,1,0,0,1/6/2020,-92.4571,45.4511
Test,Podgrzybek,1,0,0,1/6/2020,-76.6264,39.4398
Test,Podgrzybek,1,0,0,1/6/2020,-76.621478,39.2929004
Test,Podgrzybek,1,0,0,1/6/2020,-95.93,41.2339
Test,Podgrzybek,1,0,0,1/6/2020,-99.074251,29.727714
Test,Podgrzybek,1,0,0,1/6/2020,-86.1090777,42.3123539
Test,Podgrzybek,1,0,0,1/6/2020,-68.771649,44.8039587
Test,Podgrzybek,1,0,0,1/6/2020,-116.889524,33.924897
Test,Podgrzybek,1,0,0,1/6/2020,-68.203381,44.383067
Test,Podgrzybek,1,0,0,1/6/2020,-81.425782,29.182618
Test,Podgrzybek,1,0,0,1/6/2020,-80.036253,39.151808
Test,Podgrzybek,1,0,0,1/6/2020,-85.1431,31.8929
Test,Podgrzybek,1,0,0,1/6/2020,-73.951143,40.677963
Test,Podgrzybek,1,0,0,1/6/2020,-85.465096,37.810079
Test,Podgrzybek,1,0,0,1/6/2020,-94.37225,39.325678
Test,Podgrzybek,1,0,0,1/6/2020,-78.5548023,43.3301158
Test,Podgrzybek,1,0,0,1/6/2020,-92.068366,46.7223031
Test,Podgrzybek,1,0,0,1/6/2020,-74.2225,39.7536
Test,Podgrzybek,1,0,0,1/6/2020,-81.1739,39.9881
Test,Podgrzybek,1,0,0,1/6/2020,-84.1573,33.0515
Test,Podgrzybek,1,0,0,1/6/2020,-72.105138,42.421809
Test,Podgrzybek,1,0,0,1/6/2020,-72.4975505,44.1970059
Test,Podgrzybek,1,0,0,1/6/2020,-85.91528,36.99604
Test,Podgrzybek,1,0,0,1/6/2020,-88.1348,42.1524
Test,Podgrzybek,1,0,0,1/6/2020,-71.0469,43.2228
Test,Podgrzybek,1,0,0,1/6/2020,-80.1967,25.8785
Test,Podgrzybek,1,0,0,1/6/2020,-74.913476,41.477836
Test,Podgrzybek,1,0,0,1/6/2020,-117.023,34.8988
Test,Podgrzybek,1,0,0,1/6/2020,-73.979316,40.6611
Test,Podgrzybek,1,0,0,1/6/2020,-95.9768,36.7465
Test,Podgrzybek,1,0,0,1/6/2020,-88.1846,41.9899
Test,Podgrzybek,1,0,0,1/6/2020,-89.872424,35.197448
Test,Podgrzybek,1,0,0,1/6/2020,-97.7557,30.3222
Test,Podgrzybek,1,0,0,1/6/2020,-97.7157,30.3244
Test,Podgrzybek,1,0,0,1/6/2020,-107.036,39.3688
Test,Podgrzybek,1,0,0,1/6/2020,-108.0389895,44.3799574
Test,Podgrzybek,1,0,0,1/6/2020,-93.445,45.0658
Test,Podgrzybek,1,0,0,1/6/2020,-70.1853637695313,41.6658325195313
Test,Podgrzybek,1,0,0,1/6/2020,-97.312067,30.110719
Test,Podgrzybek,1,0,0,1/6/2020,-88.310444,41.849249
Test,Podgrzybek,1,0,0,1/6/2020,-79.833811,38.001164
Test,Podgrzybek,1,0,0,1/6/2020,-83.720326,38.138877
Test,Podgrzybek,1,0,0,1/6/2020,-84.449093,42.816181
Test,Podgrzybek,1,0,0,1/6/2020,-75.5123,42.9467
Test,Podgrzybek,1,0,0,1/6/2020,-69.8318,43.9141
Test,Podgrzybek,1,0,0,1/6/2020,-80.2331816,26.0564933
Test,Podgrzybek,1,0,0,1/6/2020,-85.185107,42.31994
Test,Podgrzybek,1,0,0,1/6/2020,-85.248013,34.848803
Test,Podgrzybek,1,0,0,1/6/2020,-93.1496,41.8251
Test,Podgrzybek,1,0,0,1/6/2020,-95.151154,29.549075
Test,Podgrzybek,1,0,0,1/6/2020,-83.8881,43.5895
Test,Podgrzybek,1,0,0,1/6/2020,-85.6338,30.1748
Test,Podgrzybek,1,0,0,1/6/2020,-74.032102,40.61695
Test,Podgrzybek,1,0,0,1/6/2020,-76.2254,43.1389
Test,Podgrzybek,1,0,0,1/6/2020,-107.602898,37.225579
Test,Podgrzybek,1,0,0,1/6/2020,-91.0592,46.4337
Test,Podgrzybek,1,0,0,1/6/2020,-91.8267,30.1241
Test,Podgrzybek,1,0,0,1/6/2020,-92.7794,45.019
Test,Podgrzybek,1,0,0,1/6/2020,-84.720967,45.867004
Test,Podgrzybek,1,0,0,1/6/2020,-75.861666,37.979131
Test,Podgrzybek,1,0,0,1/6/2020,-122.461312,48.006879
Test,Podgrzybek,1,0,0,1/6/2020,-73.5492,40.9053
Test,Podgrzybek,1,0,0,1/6/2020,-120.841,35.3282
Test,Podgrzybek,1,0,0,1/6/2020,-120.840899,35.328154
Test,Podgrzybek,1,0,0,1/6/2020,-105.078,40.5878
Test,Podgrzybek,1,0,0,1/6/2020,-81.930516,26.442506
Test,Podgrzybek,1,0,0,1/6/2020,-81.397288,30.314978
Test,Podgrzybek,1,0,0,1/6/2020,-73.985119,41.504816
Test,Podgrzybek,1,0,0,1/6/2020,-86.250092,39.266784
Test,Podgrzybek,1,0,0,1/6/2020,-88.2108,34.5108
Test,Podgrzybek,1,0,0,1/6/2020,-96.74383,40.265715
Test,Podgrzybek,1,0,0,1/6/2020,-94.167186,30.067677
Test,Podgrzybek,1,0,0,1/6/2020,-83.192119,42.514952
Test,Podgrzybek,1,0,0,1/6/2020,-80.3239,40.7199
Test,Podgrzybek,1,0,0,1/6/2020,-86.870931,37.400207
Test,Podgrzybek,1,0,0,1/6/2020,-80.3207,40.7596
Test,Podgrzybek,1,0,0,1/6/2020,-93.6731823,41.620058
Test,Podgrzybek,1,0,0,1/6/2020,-122.805002,45.484265
Test,Podgrzybek,1,0,0,1/6/2020,-122.805002,45.484265
Test,Podgrzybek,1,0,0,1/6/2020,-83.596275,41.765307
Test,Podgrzybek,1,0,0,1/6/2020,-86.483982,38.861548
Test,Podgrzybek,1,0,0,1/6/2020,-71.482505,42.950361
Test,Podgrzybek,1,0,0,1/6/2020,-73.699936,41.237316
Test,Podgrzybek,1,0,0,1/6/2020,-74.646889,40.662856
Test,Podgrzybek,1,0,0,1/6/2020,-80.2051,26.4917
Test,Podgrzybek,1,0,0,1/6/2020,-90.3849,36.7588
Test,Podgrzybek,1,0,0,1/6/2020,-85.7676285,38.1841037
Test,Podgrzybek,1,0,0,1/6/2020,-103.651789,41.442823
Test,Podgrzybek,1,0,0,1/6/2020,-83.443812,42.852734
Test,Podgrzybek,1,0,0,1/6/2020,-91.0753,40.0406
Test,Podgrzybek,1,0,0,1/6/2020,-76.351011,39.535284
Test,Podgrzybek,1,0,0,1/6/2020,-72.40138,42.277868
Test,Podgrzybek,1,0,0,1/6/2020,-85.228826,43.096859
Test,Podgrzybek,1,0,0,1/6/2020,-106.7752,34.66278
Test,Podgrzybek,1,0,0,1/6/2020,-122.827,47.4515
Test,Podgrzybek,1,0,0,1/6/2020,-69.0139675,44.4292136
Test,Podgrzybek,1,0,0,1/6/2020,-111.185,45.7732
Test,Podgrzybek,1,0,0,1/6/2020,-79.9357,39.0251
Test,Podgrzybek,1,0,0,1/6/2020,-97.4619,31.0559
Test,Podgrzybek,1,0,0,1/6/2020,-97.342,31.0945
Test,Podgrzybek,1,0,0,1/6/2020,-122.235,40.6378
Test,Podgrzybek,1,0,0,1/6/2020,-94.241,36.4714
Test,Podgrzybek,1,0,0,1/6/2020,-85.205265,44.974831
Test,Podgrzybek,1,0,0,1/6/2020,-92.2749472,41.8963048
Test,Podgrzybek,1,0,0,1/6/2020,-82.8035,27.9351
Test,Podgrzybek,1,0,0,1/6/2020,-75.499515,39.766661
Test,Podgrzybek,1,0,0,1/6/2020,-77.778,40.9122
Test,Podgrzybek,1,0,0,1/6/2020,-97.631021,39.823532
Test,Podgrzybek,1,0,0,1/6/2020,-83.4907,42.2083
Test,Podgrzybek,1,0,0,1/6/2020,-77.7229,40.6046
Test,Podgrzybek,1,0,0,1/6/2020,-89.985586,38.513605
Test,Podgrzybek,1,0,0,1/6/2020,-90.455,42.262
Test,Podgrzybek,1,0,0,1/6/2020,-85.018644,42.44585
Test,Podgrzybek,1,0,0,1/6/2020,-122.202,47.626
Test,Podgrzybek,1,0,0,1/6/2020,-95.8936715,41.1396043
Test,Podgrzybek,1,0,0,1/6/2020,-118.134,33.8847
Test,Podgrzybek,1,0,0,1/6/2020,-122.469657,48.75262
Test,Podgrzybek,1,0,0,1/6/2020,-82.5116,40.6198
Test,Podgrzybek,1,0,0,1/6/2020,-105.0813552,39.7111007
Test,Podgrzybek,1,0,0,1/6/2020,-93.6155,42.8478
Test,Podgrzybek,1,0,0,1/6/2020,-122.273595,37.518818
Test,Podgrzybek,1,0,0,1/6/2020,-78.0565113,42.2489416
Test,Podgrzybek,1,0,0,1/6/2020,-81.0437,35.2572
Test,Podgrzybek,1,0,0,1/6/2020,-71.1738075,42.396577
Test,Podgrzybek,1,0,0,1/6/2020,-82.496,34.5268
Test,Podgrzybek,1,0,0,1/6/2020,-94.525252,38.808556
Test,Podgrzybek,1,0,0,1/6/2020,-88.861885,42.272038
Test,Podgrzybek,1,0,0,1/6/2020,-75.076496,40.827259
Test,Podgrzybek,1,0,0,1/6/2020,-88.8403969,42.2564991
Test,Podgrzybek,1,0,0,1/6/2020,-94.879466,47.469264
Test,Podgrzybek,1,0,0,1/6/2020,-94.880609,47.469337
Test,Podgrzybek,1,0,0,1/6/2020,-121.321,44.06
Test,Podgrzybek,1,0,0,1/6/2020,-122.161188,38.046215
Test,Podgrzybek,1,0,0,1/6/2020,-96.503262,40.680612
Test,Podgrzybek,1,0,0,1/6/2020,-84.1682,43.0829
Test,Podgrzybek,1,0,0,1/6/2020,-87.941926,41.95608
Test,Podgrzybek,1,0,0,1/6/2020,-95.995047,41.299388
Test,Podgrzybek,1,0,0,1/6/2020,-112.2973,40.65062
Test,Podgrzybek,1,0,0,1/6/2020,-74.0109559,40.615535
Test,Podgrzybek,1,0,0,1/6/2020,-119.487,46.2634
Test,Podgrzybek,1,0,0,1/6/2020,-90.363,39.4823
Test,Podgrzybek,1,0,0,1/6/2020,-92.5884,34.5612
Test,Podgrzybek,1,0,0,1/6/2020,-93.737025,32.69486
Test,Podgrzybek,1,0,0,1/6/2020,-86.454635,42.115797
Test,Podgrzybek,1,0,0,1/6/2020,-94.208816,36.3723485
Test,Podgrzybek,1,0,0,1/6/2020,-94.225177,36.330894
Test,Podgrzybek,1,0,0,1/6/2020,-84.297477,37.5682107
Test,Podgrzybek,1,0,0,1/6/2020,-84.1883,33.9851
Test,Podgrzybek,1,0,0,1/6/2020,-78.227534,39.624722
Test,Podgrzybek,1,0,0,1/6/2020,-83.839418,41.715538
Test,Podgrzybek,1,0,0,1/6/2020,-75.458307,43.210056
Test,Podgrzybek,1,0,0,1/6/2020,-73.207,42.49
Test,Podgrzybek,1,0,0,1/6/2020,-73.3288593,42.2441394
Test,Podgrzybek,1,0,0,1/6/2020,-73.2035441,42.7088388
Test,Podgrzybek,1,0,0,1/6/2020,-73.253489,42.448217
Test,Podgrzybek,1,0,0,1/6/2020,-76.8194,39.0641
Test,Podgrzybek,1,0,0,1/6/2020,-88.942278,43.968876
Test,Podgrzybek,1,0,0,1/6/2020,-72.786014,41.643845
Test,Podgrzybek,1,0,0,1/6/2020,-71.18306,44.469527
Test,Podgrzybek,1,0,0,1/6/2020,-72.5489526,42.6710011
Test,Podgrzybek,1,0,0,1/6/2020,-92.272565,34.7350179
Test,Podgrzybek,1,0,0,1/6/2020,-83.245211,31.206709
Test,Podgrzybek,1,0,0,1/6/2020,-87.583806,38.357542
Test,Podgrzybek,1,0,0,1/6/2020,-121.847368,37.40204
Test,Podgrzybek,1,0,0,1/6/2020,-93.567287,36.364472
Test,Podgrzybek,1,0,0,1/6/2020,-105.082636,40.305329
Test,Podgrzybek,1,0,0,1/6/2020,-70.86243,43.269956
Test,Podgrzybek,1,0,0,1/6/2020,-87.7882889,41.8433103
Test,Podgrzybek,1,0,0,1/6/2020,-86.95137,33.40113
Test,Podgrzybek,1,0,0,1/6/2020,-86.990644,33.373082
Test,Podgrzybek,1,0,0,1/6/2020,-75.057403,38.538292
Test,Podgrzybek,1,0,0,1/6/2020,-72.9914827,41.4385519
Test,Podgrzybek,1,0,0,1/6/2020,-97.5095,35.584
Test,Podgrzybek,1,0,0,1/6/2020,-94.017747,40.264977
Test,Podgrzybek,1,0,0,1/6/2020,-70.794075,44.412018
Test,Podgrzybek,1,0,0,1/6/2020,-72.6461,43.8444
Test,Podgrzybek,1,0,0,1/6/2020,-73.3838,41.4149
Test,Podgrzybek,1,0,0,1/6/2020,-77.09232,38.98105
Test,Podgrzybek,1,0,0,1/6/2020,-77.099203,38.987028
Test,Podgrzybek,1,0,0,1/6/2020,-75.3784029,40.6098058
Test,Podgrzybek,1,0,0,1/6/2020,-90.501985,41.525159
Test,Podgrzybek,1,0,0,1/6/2020,-92.4043396,37.8569838
Test,Podgrzybek,1,0,0,1/6/2020,-70.8848378,42.5469549
Test,Podgrzybek,1,0,0,1/6/2020,-118.398907,34.074257
Test,Podgrzybek,1,0,0,1/6/2020,-82.942547,39.957118
Test,Podgrzybek,1,0,0,1/6/2020,-87.1386,32.9446
Test,Podgrzybek,1,0,0,1/6/2020,-116.866714,34.260803
Test,Podgrzybek,1,0,0,1/6/2020,-73.945,40.6612
Test,Podgrzybek,1,0,0,1/6/2020,-109.0742033,44.5242379
Test,Podgrzybek,1,0,0,1/6/2020,-108.7626956,44.7542031
Test,Podgrzybek,1,0,0,1/6/2020,-82.4319,35.7599
Test,Podgrzybek,1,0,0,1/6/2020,-93.758167,45.333773
Test,Podgrzybek,1,0,0,1/6/2020,-93.747475,45.329205
Test,Podgrzybek,1,0,0,1/6/2020,-85.4752,43.7046
Test,Podgrzybek,1,0,0,1/6/2020,-118.150018,47.653904
Test,Podgrzybek,1,0,0,1/6/2020,-111.3103,45.2598
Test,Podgrzybek,1,0,0,1/6/2020,-82.7752448,36.8681813
Test,Podgrzybek,1,0,0,1/6/2020,-109.956,45.8351
Test,Podgrzybek,1,0,0,1/6/2020,-114.079439,48.0736
Test,Podgrzybek,1,0,0,1/6/2020,-114.08025,48.073931
Test,Podgrzybek,1,0,0,1/6/2020,-71.269999,42.557646
Test,Podgrzybek,1,0,0,1/6/2020,-83.777762,43.247801
Test,Podgrzybek,1,0,0,1/6/2020,-76.0308,40.1067
Test,Podgrzybek,1,0,0,1/6/2020,-83.217619,42.55157
Test,Podgrzybek,1,0,0,1/6/2020,-109.878248,31.407193
Test,Podgrzybek,1,0,0,1/6/2020,-89.010823,34.494815
Test,Podgrzybek,1,0,0,1/6/2020,-118.39743,37.362109
Test,Podgrzybek,1,0,0,1/6/2020,-118.398,37.3615
Test,Podgrzybek,1,0,0,1/6/2020,-100.796471,46.803081
Test,Podgrzybek,1,0,0,1/6/2020,-116.815,43.6107
Test,Podgrzybek,1,0,0,1/6/2020,-114.076216,46.631315
Test,Podgrzybek,1,0,0,1/6/2020,-83.799939,38.852215
Test,Podgrzybek,1,0,0,1/6/2020,-111.2743,47.52653
Test,Podgrzybek,1,0,0,1/6/2020,-104.701,38.9977
Test,Podgrzybek,1,0,0,1/6/2020,-103.244279,44.084724
Test,Podgrzybek,1,0,0,1/6/2020,-82.3217446,35.6208614
Test,Podgrzybek,1,0,0,1/6/2020,-90.846481,44.305681
Test,Podgrzybek,1,0,0,1/6/2020,-90.850406,44.294552
Test,Podgrzybek,1,0,0,1/6/2020,-82.1757,41.4688
Test,Podgrzybek,1,0,0,1/6/2020,-71.7738903,42.3154222
Test,Podgrzybek,1,0,0,1/6/2020,-71.504689,41.901851
Test,Podgrzybek,1,0,0,1/6/2020,-80.414503,37.229248
Test,Podgrzybek,1,0,0,1/6/2020,-97.28256,36.79557
Test,Podgrzybek,1,0,0,1/6/2020,-75.0661,39.8015
Test,Podgrzybek,1,0,0,1/6/2020,-78.7351,34.4178
Test,Podgrzybek,1,0,0,1/6/2020,-96.1296,41.5437
Test,Podgrzybek,1,0,0,1/6/2020,-74.955689,40.982893
Test,Podgrzybek,1,0,0,1/6/2020,-97.659273,35.137967
Test,Podgrzybek,1,0,0,1/6/2020,-81.115074,37.100871
Test,Podgrzybek,1,0,0,1/6/2020,-78.824204,42.795179
Test,Podgrzybek,1,0,0,1/6/2020,-82.904,40.0968
Test,Podgrzybek,1,0,0,1/6/2020,-84.883123,45.681307
Test,Podgrzybek,1,0,0,1/6/2020,-71.579351,41.179863
Test,Podgrzybek,1,0,0,1/6/2020,-86.937933,39.0262269
Test,Podgrzybek,1,0,0,1/6/2020,-72.737,41.8299
Test,Podgrzybek,1,0,0,1/6/2020,-89.9298107,36.880682
Test,Podgrzybek,1,0,0,1/6/2020,-79.944435,40.459005
Test,Podgrzybek,1,0,0,1/6/2020,-93.0535,43.8717
Test,Podgrzybek,1,0,0,1/6/2020,-77.0121571,38.9126037
Test,Podgrzybek,1,0,0,1/6/2020,-82.5544,40.9603
Test,Podgrzybek,1,0,0,1/6/2020,-86.5369425,39.1703084
Test,Podgrzybek,1,0,0,1/6/2020,-93.30107,44.825873
Test,Podgrzybek,1,0,0,1/6/2020,-86.521677,39.161531
Test,Podgrzybek,1,0,0,1/6/2020,-76.457784,41.00246
Test,Podgrzybek,1,0,0,1/6/2020,-121.860023,37.256325
Test,Podgrzybek,1,0,0,1/6/2020,-86.4702404290438,33.9443186670542
Test,Podgrzybek,1,0,0,1/6/2020,-82.3201083333333,36.5340472222222
Test,Podgrzybek,1,0,0,1/6/2020,-81.6799,36.1322
Test,Podgrzybek,1,0,0,1/6/2020,-68.577132,44.427436
Test,Podgrzybek,1,0,0,1/6/2020,-74.7885,40.3467
Test,Podgrzybek,1,0,0,1/6/2020,-94.2778137,39.0183736
Test,Podgrzybek,1,0,0,1/6/2020,-82.483,42.8332
Test,Podgrzybek,1,0,0,1/6/2020,-84.3264,32.8906
Test,Podgrzybek,1,0,0,1/6/2020,-81.27162,37.251613
Test,Podgrzybek,1,0,0,1/6/2020,-84.419562,38.014459
Test,Podgrzybek,1,0,0,1/6/2020,-84.555073,38.016553
Test,Podgrzybek,1,0,0,1/6/2020,-85.763805,38.178432
Test,Podgrzybek,1,0,0,1/6/2020,-83.98544,38.441814
Test,Podgrzybek,1,0,0,1/6/2020,-83.892721,40.893082
Test,Podgrzybek,1,0,0,1/6/2020,-85.172111,40.743479
Test,Podgrzybek,1,0,0,1/6/2020,-89.919,35.9273
Test,Podgrzybek,1,0,0,1/6/2020,-76.601326,39.273864
Test,Podgrzybek,1,0,0,1/6/2020,-77.797107,40.780354
Test,Podgrzybek,1,0,0,1/6/2020,-86.1621,34.196
Test,Podgrzybek,1,0,0,1/6/2020,-82.259954,26.741988
Test,Podgrzybek,1,0,0,1/6/2020,-80.086148,26.345975
Test,Podgrzybek,1,0,0,1/6/2020,-111.031,45.6752
Test,Podgrzybek,1,0,0,1/6/2020,-116.444084,43.532957
Test,Podgrzybek,1,0,0,1/6/2020,-116.19193,43.60798
Test,Podgrzybek,1,0,0,1/6/2020,-93.1185,43.3728
Test,Podgrzybek,1,0,0,1/6/2020,-89.9796801,37.3019525
Test,Podgrzybek,1,0,0,1/6/2020,-73.6563,43.5564
Test,Podgrzybek,1,0,0,1/6/2020,-91.8019,40.6979
Test,Podgrzybek,1,0,0,1/6/2020,-93.4632,41.7015
Test,Podgrzybek,1,0,0,1/6/2020,-81.809683,26.349458
Test,Podgrzybek,1,0,0,1/6/2020,-81.779296875,26.341100692749
Test,Podgrzybek,1,0,0,1/6/2020,-94.883529,39.055673
Test,Podgrzybek,1,0,0,1/6/2020,-116.314,48.6961
Test,Podgrzybek,1,0,0,1/6/2020,-84.699311,39.020084
Test,Podgrzybek,1,0,0,1/6/2020,-93.1079,36.2304
Test,Podgrzybek,1,0,0,1/6/2020,-92.372114,38.963622
Test,Podgrzybek,1,0,0,1/6/2020,-93.879688,42.062726
Test,Podgrzybek,1,0,0,1/6/2020,-82.471979,36.295271
Test,Podgrzybek,1,0,0,1/6/2020,-93.9219446,35.1391229
Test,Podgrzybek,1,0,0,1/6/2020,-93.8518,35.1477
Test,Podgrzybek,1,0,0,1/6/2020,-74.41335,40.905691
Test,Podgrzybek,1,0,0,1/6/2020,-123.368,39.0091
Test,Podgrzybek,1,0,0,1/6/2020,-75.344045,43.481778
Test,Podgrzybek,1,0,0,1/6/2020,-92.741591,38.955643
Test,Podgrzybek,1,0,0,1/6/2020,-76.4881,39.4754
Test,Podgrzybek,1,0,0,1/6/2020,-74.7030158,40.1456881
Test,Podgrzybek,1,0,0,1/6/2020,-122.373674,45.431356
Test,Podgrzybek,1,0,0,1/6/2020,-80.1507,41.8923
Test,Podgrzybek,1,0,0,1/6/2020,-73.990497,40.633137
Test,Podgrzybek,1,0,0,1/6/2020,-116.378,33.2566
Test,Podgrzybek,1,0,0,1/6/2020,-90.707006,43.135848
Test,Podgrzybek,1,0,0,1/6/2020,-97.6573069,31.9228027
Test,Podgrzybek,1,0,0,1/6/2020,-71.0747,42.3352
Test,Podgrzybek,1,0,0,1/6/2020,-71.057376,42.362262
Test,Podgrzybek,1,0,0,1/6/2020,-71.10847,42.350598
Test,Podgrzybek,1,0,0,1/6/2020,-71.0823,42.348
Test,Podgrzybek,1,0,0,1/6/2020,-79.912646,37.417795
Test,Podgrzybek,1,0,0,1/6/2020,-122.221699,47.782323
Test,Podgrzybek,1,0,0,1/6/2020,-100.4459433,48.8262788
Test,Podgrzybek,1,0,0,1/6/2020,-111.425,37.9012
Test,Podgrzybek,1,0,0,1/6/2020,-105.1286563,40.1534817
Test,Podgrzybek,1,0,0,1/6/2020,-112.118022,46.238804
Test,Podgrzybek,1,0,0,1/6/2020,-105.277638,40.015245
Test,Podgrzybek,1,0,0,1/6/2020,-74.5329,40.5614
Test,Podgrzybek,1,0,0,1/6/2020,-111.878,40.8884
Test,Podgrzybek,1,0,0,1/6/2020,-85.912733,36.99598
Test,Podgrzybek,1,0,0,1/6/2020,-85.9446468,37.0100867
Test,Podgrzybek,1,0,0,1/6/2020,-86.1185,41.2966
Test,Podgrzybek,1,0,0,1/6/2020,-91.2462077,38.1544686
Test,Podgrzybek,1,0,0,1/6/2020,-116.615,46.6771
Test,Podgrzybek,1,0,0,1/6/2020,-122.335092,48.555683
Test,Podgrzybek,1,0,0,1/6/2020,-122.368107,48.595077
Test,Podgrzybek,1,0,0,1/6/2020,-71.067939,42.305816
Test,Podgrzybek,1,0,0,1/6/2020,-69.89648,44.009997
Test,Podgrzybek,1,0,0,1/6/2020,-97.85003,33.557334
Test,Podgrzybek,1,0,0,1/6/2020,-76.741902,38.97832
Test,Podgrzybek,1,0,0,1/6/2020,-77.347563,38.05177
Test,Podgrzybek,1,0,0,1/6/2020,-91.1948,39.3421
Test,Podgrzybek,1,0,0,1/6/2020,-74.014313,40.704587
Test,Podgrzybek,1,0,0,1/6/2020,-86.433927,36.968788
Test,Podgrzybek,1,0,0,1/6/2020,-82.6995,38.4248
Test,Podgrzybek,1,0,0,1/6/2020,-84.7668198,37.6494547
Test,Podgrzybek,1,0,0,1/6/2020,-71.7342857,42.3529735
Test,Podgrzybek,1,0,0,1/6/2020,-85.015378,45.21685
Test,Podgrzybek,1,0,0,1/6/2020,-111.0404,45.67778
Test,Podgrzybek,1,0,0,1/6/2020,-72.168331,41.552173
Test,Podgrzybek,1,0,0,1/6/2020,-71.057284,42.362389
Test,Podgrzybek,1,0,0,1/6/2020,-82.57345,27.497223
Test,Podgrzybek,1,0,0,1/6/2020,-82.104,29.9654
Test,Podgrzybek,1,0,0,1/6/2020,-71.955407,43.268863
Test,Podgrzybek,1,0,0,1/6/2020,-72.1257698,43.9984091
Test,Podgrzybek,1,0,0,1/6/2020,-87.47376,36.8337026
Test,Podgrzybek,1,0,0,1/6/2020,-80.7855537,35.423328
Test,Podgrzybek,1,0,0,1/6/2020,-84.8756,35.1583
Test,Podgrzybek,1,0,0,1/6/2020,-85.239727,35.018474
Test,Podgrzybek,1,0,0,1/6/2020,-71.004927,42.206437
Test,Podgrzybek,1,0,0,1/6/2020,-81.313467,37.325145
Test,Podgrzybek,1,0,0,1/6/2020,-76.9461,38.8388
Test,Podgrzybek,1,0,0,1/6/2020,-74.178,40.7626
Test,Podgrzybek,1,0,0,1/6/2020,-77.1538342,42.6012952
Test,Podgrzybek,1,0,0,1/6/2020,-77.636606,37.423101
Test,Podgrzybek,1,0,0,1/6/2020,-73.086312,43.791861
Test,Podgrzybek,1,0,0,1/6/2020,-82.2703,27.9243
Test,Podgrzybek,1,0,0,1/6/2020,-72.833736,41.273756
Test,Podgrzybek,1,0,0,1/6/2020,-82.9316,29.9646
Test,Podgrzybek,1,0,0,1/6/2020,-93.2182637,36.6432316
Test,Podgrzybek,1,0,0,1/6/2020,-72.58407,42.8499
Test,Podgrzybek,1,0,0,1/6/2020,-72.5578678,42.8509152
Test,Podgrzybek,1,0,0,1/6/2020,-72.560166,42.850844
Test,Podgrzybek,1,0,0,1/6/2020,-80.7719,38.6753
Test,Podgrzybek,1,0,0,1/6/2020,-96.37,30.6744
Test,Podgrzybek,1,0,0,1/6/2020,-118.236,34.0391
Test,Podgrzybek,1,0,0,1/6/2020,-91.9014,30.2807
Test,Podgrzybek,1,0,0,1/6/2020,-86.4585,37.7683
Test,Podgrzybek,1,0,0,1/6/2020,-83.9353,39.6017
Test,Podgrzybek,1,0,0,1/6/2020,-86.147566,41.446463
Test,Podgrzybek,1,0,0,1/6/2020,-122.628866,47.574253
Test,Podgrzybek,1,0,0,1/6/2020,-121.6948205,37.9326219
Test,Podgrzybek,1,0,0,1/6/2020,-80.666944,28.160309
Test,Podgrzybek,1,0,0,1/6/2020,-68.7559,44.7877
Test,Podgrzybek,1,0,0,1/6/2020,-73.573673,41.43435
Test,Podgrzybek,1,0,0,1/6/2020,-87.0275,31.1499
Test,Podgrzybek,1,0,0,1/6/2020,-93.2499,44.9708
Test,Podgrzybek,1,0,0,1/6/2020,-94.596733,39.16961
Test,Podgrzybek,1,0,0,1/6/2020,-104.840856,38.824673
Test,Podgrzybek,1,0,0,1/6/2020,-91.947877,38.84736
Test,Podgrzybek,1,0,0,1/6/2020,-74.110516,40.059165
Test,Podgrzybek,1,0,0,1/6/2020,-80.192121,25.767406
Test,Podgrzybek,1,0,0,1/6/2020,-80.815,41.8977
Test,Podgrzybek,1,0,0,1/6/2020,-86.6745,34.7174
Test,Podgrzybek,1,0,0,1/6/2020,-80.232076,39.308999
Test,Podgrzybek,1,0,0,1/6/2020,-103.09966,41.671723
Test,Podgrzybek,1,0,0,1/6/2020,-77.595833,43.17067
Test,Podgrzybek,1,0,0,1/6/2020,-75.2343549,39.4289861
Test,Podgrzybek,1,0,0,1/6/2020,-91.2436,43.8574
Test,Podgrzybek,1,0,0,1/6/2020,-80.1108982,40.3614678
Test,Podgrzybek,1,0,0,1/6/2020,-74.607976,40.588552
Test,Podgrzybek,1,0,0,1/6/2020,-70.707721,44.054125
Test,Podgrzybek,1,0,0,1/6/2020,-76.9436,39.0781
Test,Podgrzybek,1,0,0,1/6/2020,-112.015057,41.510773
Test,Podgrzybek,1,0,0,1/6/2020,-104.821,39.9879
Test,Podgrzybek,1,0,0,1/6/2020,-83.7852,42.5313
Test,Podgrzybek,1,0,0,1/6/2020,-77.567072,43.122691
Test,Podgrzybek,1,0,0,1/6/2020,-88.0688,44.1794
Test,Podgrzybek,1,0,0,1/6/2020,-72.199901,42.122751
Test,Podgrzybek,1,0,0,1/6/2020,-81.3458,41.1002
Test,Podgrzybek,1,0,0,1/6/2020,-119.108,35.3696
Test,Podgrzybek,1,0,0,1/6/2020,-90.244299,38.63605
Test,Podgrzybek,1,0,0,1/6/2020,-90.244299,38.63605
Test,Podgrzybek,1,0,0,1/6/2020,-72.9273,41.694
Test,Podgrzybek,1,0,0,1/6/2020,-71.112588,41.835966
Test,Podgrzybek,1,0,0,1/6/2020,-88.0431,42.5576
Test,Podgrzybek,1,0,0,1/6/2020,-72.9453,41.673
Test,Podgrzybek,1,0,0,1/6/2020,-73.079252,44.133497
Test,Podgrzybek,1,0,0,1/6/2020,-77.575794,38.759276
Test,Podgrzybek,1,0,0,1/6/2020,-97.362428,32.741786
Test,Podgrzybek,1,0,0,1/6/2020,-93.8018,43.0963
Test,Podgrzybek,1,0,0,1/6/2020,-75.161053,39.96404
Test,Podgrzybek,1,0,0,1/6/2020,-75.169505,39.924274
Test,Podgrzybek,1,0,0,1/6/2020,-75.165366,39.943649
Test,Podgrzybek,1,0,0,1/6/2020,-77.0679,38.9664
Test,Podgrzybek,1,0,0,1/6/2020,-86.138451,39.7817086
Test,Podgrzybek,1,0,0,1/6/2020,-71.418983,41.802051
Test,Podgrzybek,1,0,0,1/6/2020,-104.8336186,38.7946126
Test,Podgrzybek,1,0,0,1/6/2020,-81.645294,41.461447
Test,Podgrzybek,1,0,0,1/6/2020,-122.4407752,47.2551471
Test,Podgrzybek,1,0,0,1/6/2020,-78.799904,38.611375
Test,Podgrzybek,1,0,0,1/6/2020,-77.937,43.2153
Test,Podgrzybek,1,0,0,1/6/2020,-71.0433,42.0725
Test,Podgrzybek,1,0,0,1/6/2020,-71.018816,42.082794
Test,Podgrzybek,1,0,0,1/6/2020,-99.623299,41.402405
Test,Podgrzybek,1,0,0,1/6/2020,-85.582,42.2849
Test,Podgrzybek,1,0,0,1/6/2020,-73.922603,40.826979
Test,Podgrzybek,1,0,0,1/6/2020,-73.8377863,40.9399964
Test,Podgrzybek,1,0,0,1/6/2020,-87.6267,41.8448
Test,Podgrzybek,1,0,0,1/6/2020,-80.5949138,40.3379157
Test,Podgrzybek,1,0,0,1/6/2020,-80.6377819,40.2510088
Test,Podgrzybek,1,0,0,1/6/2020,-88.125619,43.05782
Test,Podgrzybek,1,0,0,1/6/2020,-87.84114,41.82308
Test,Podgrzybek,1,0,0,1/6/2020,-72.083026,42.211439
Test,Podgrzybek,1,0,0,1/6/2020,-93.0735348,39.7844687
Test,Podgrzybek,1,0,0,1/6/2020,-90.4438653,31.5772282
Test,Podgrzybek,1,0,0,1/6/2020,-84.334721,33.860129
Test,Podgrzybek,1,0,0,1/6/2020,-96.795258,44.308816
Test,Podgrzybek,1,0,0,1/6/2020,-124.244963,42.037301
Test,Podgrzybek,1,0,0,1/6/2020,-76.992642,38.93441
Test,Podgrzybek,1,0,0,1/6/2020,-76.995089,38.933091
Test,Podgrzybek,1,0,0,1/6/2020,-68.5672,44.2676
Test,Podgrzybek,1,0,0,1/6/2020,-71.123897,42.342195
Test,Podgrzybek,1,0,0,1/6/2020,-73.9903552,40.6937227
Test,Podgrzybek,1,0,0,1/6/2020,-89.369,42.8523
Test,Podgrzybek,1,0,0,1/6/2020,-71.95,41.7882
Test,Podgrzybek,1,0,0,1/6/2020,-91.1655,30.5929
Test,Podgrzybek,1,0,0,1/6/2020,-94.592328,39.013782
Test,Podgrzybek,1,0,0,1/6/2020,-121.359464,37.978811
Test,Podgrzybek,1,0,0,1/6/2020,-68.737726,44.34283
Test,Podgrzybek,1,0,0,1/6/2020,-82.387877,28.555079
Test,Podgrzybek,1,0,0,1/6/2020,-85.011762,39.41449
Test,Podgrzybek,1,0,0,1/6/2020,-84.1899215,34.1048891
Test,Podgrzybek,1,0,0,1/6/2020,-75.906011,42.128211
Test,Podgrzybek,1,0,0,1/6/2020,-105.090062,39.92847
Test,Podgrzybek,1,0,0,1/6/2020,-95.228,45.6496
Test,Podgrzybek,1,0,0,1/6/2020,-90.7731,39.9878
Test,Podgrzybek,1,0,0,1/6/2020,-83.9044248,38.8653546
Test,Podgrzybek,1,0,0,1/6/2020,-83.867718,38.934226
Test,Podgrzybek,1,0,0,1/6/2020,-87.961917,43.181435
Test,Podgrzybek,1,0,0,1/6/2020,-71.399886,41.823466
Test,Podgrzybek,1,0,0,1/6/2020,-86.396511,39.844303
Test,Podgrzybek,1,0,0,1/6/2020,-83.2645968,42.1504155
Test,Podgrzybek,1,0,0,1/6/2020,-86.053,38.8794
Test,Podgrzybek,1,0,0,1/6/2020,-73.9098,40.6653
Test,Podgrzybek,1,0,0,1/6/2020,-121.283162,39.457104
Test,Podgrzybek,1,0,0,1/6/2020,-122.98464,44.393595
Test,Podgrzybek,1,0,0,1/6/2020,-79.888093,40.02137
Test,Podgrzybek,1,0,0,1/6/2020,-97.494221,25.911617
Test,Podgrzybek,1,0,0,1/6/2020,-73.9135787,40.6692495
Test,Podgrzybek,1,0,0,1/6/2020,-73.908953,40.662546
Test,Podgrzybek,1,0,0,1/6/2020,-98.9906,31.7084
Test,Podgrzybek,1,0,0,1/6/2020,-82.0219,28.8441
Test,Podgrzybek,1,0,0,1/6/2020,-91.2746971,45.4551101
Test,Podgrzybek,1,0,0,1/6/2020,-79.6413,39.661
Test,Podgrzybek,1,0,0,1/6/2020,-79.6412,39.6587
Test,Podgrzybek,1,0,0,1/6/2020,-103.224,44.0831
Test,Podgrzybek,1,0,0,1/6/2020,-77.6269237,39.3129182
Test,Podgrzybek,1,0,0,1/6/2020,-73.620372,42.753063
Test,Podgrzybek,1,0,0,1/6/2020,-69.995923,43.890786
Test,Podgrzybek,1,0,0,1/6/2020,-103.6352521,40.2549432
Test,Podgrzybek,1,0,0,1/6/2020,-98.305365,26.241991
Test,Podgrzybek,1,0,0,1/6/2020,-75.317081,40.021098
Test,Podgrzybek,1,0,0,1/6/2020,-81.246072,28.384765
Test,Podgrzybek,1,0,0,1/6/2020,-86.3596,41.8272
Test,Podgrzybek,1,0,0,1/6/2020,-93.723133,38.850198
Test,Podgrzybek,1,0,0,1/6/2020,-112.5421815,33.4205344
Test,Podgrzybek,1,0,0,1/6/2020,-70.2604,44.2396
Test,Podgrzybek,1,0,0,1/6/2020,-80.228348,38.992638
Test,Podgrzybek,1,0,0,1/6/2020,-78.4741,37.5436
Test,Podgrzybek,1,0,0,1/6/2020,-77.6975,38.7716
Test,Podgrzybek,1,0,0,1/6/2020,-76.291807,37.041273
Test,Podgrzybek,1,0,0,1/6/2020,-68.796497,44.572636
Test,Podgrzybek,1,0,0,1/6/2020,-80.9169,32.2715
Test,Podgrzybek,1,0,0,1/6/2020,-79.3531,37.7373
Test,Podgrzybek,1,0,0,1/6/2020,-106.133,38.8418
Test,Podgrzybek,1,0,0,1/6/2020,-93.9466,43.3858
Test,Podgrzybek,1,0,0,1/6/2020,-93.0897629,37.642482
Test,Podgrzybek,1,0,0,1/6/2020,-106.699,44.3465
Test,Podgrzybek,1,0,0,1/6/2020,-85.7184,32.1452
Test,Podgrzybek,1,0,0,1/6/2020,-81.267257,29.491841
Test,Podgrzybek,1,0,0,1/6/2020,-118.3079771,34.1828004
Test,Podgrzybek,1,0,0,1/6/2020,-122.340479,47.466953
Test,Podgrzybek,1,0,0,1/6/2020,-77.263568,38.776991
Test,Podgrzybek,1,0,0,1/6/2020,-99.29266,43.180731
Test,Podgrzybek,1,0,0,1/6/2020,-81.564792,35.742685
Test,Podgrzybek,1,0,0,1/6/2020,-85.372124,36.788716
Test,Podgrzybek,1,0,0,1/6/2020,-97.3239,32.5426
Test,Podgrzybek,1,0,0,1/6/2020,-95.835553,38.750494
Test,Podgrzybek,1,0,0,1/6/2020,-122.346,37.5773
Test,Podgrzybek,1,0,0,1/6/2020,-74.8951,39.9853
Test,Podgrzybek,1,0,0,1/6/2020,-79.435955,36.093215
Test,Podgrzybek,1,0,0,1/6/2020,-95.73878,38.19521
Test,Podgrzybek,1,0,0,1/6/2020,-72.9671,41.7689
Test,Podgrzybek,1,0,0,1/6/2020,-73.213445,44.476556
Test,Podgrzybek,1,0,0,1/6/2020,-73.19664,44.475885
Test,Podgrzybek,1,0,0,1/6/2020,-71.1909468,42.5037262
Test,Podgrzybek,1,0,0,1/6/2020,-73.23953,44.502415
Test,Podgrzybek,1,0,0,1/6/2020,-77.0639,43.2637
Test,Podgrzybek,1,0,0,1/6/2020,-97.7018,30.4258
Test,Podgrzybek,1,0,0,1/6/2020,-92.542771,45.772635
Test,Podgrzybek,1,0,0,1/6/2020,-92.686157,45.774153
Test,Podgrzybek,1,0,0,1/6/2020,-92.680232,45.776365
Test,Podgrzybek,1,0,0,1/6/2020,-92.381705,45.783712
Test,Podgrzybek,1,0,0,1/6/2020,-121.664,40.8821
Test,Podgrzybek,1,0,0,1/6/2020,-122.367,40.6783
Test,Podgrzybek,1,0,0,1/6/2020,-93.2741,44.771
Test,Podgrzybek,1,0,0,1/6/2020,-73.8997429,42.9085405
Test,Podgrzybek,1,0,0,1/6/2020,-71.677124,41.967496
Test,Podgrzybek,1,0,0,1/6/2020,-99.1332,41.7817
Test,Podgrzybek,1,0,0,1/6/2020,-89.9001,30.6088
Test,Podgrzybek,1,0,0,1/6/2020,-73.914932,40.68543
Test,Podgrzybek,1,0,0,1/6/2020,-73.911992,40.697454
Test,Podgrzybek,1,0,0,1/6/2020,-86.617709,31.830281
Test,Podgrzybek,1,0,0,1/6/2020,-88.069654,43.104857
Test,Podgrzybek,1,0,0,1/6/2020,-82.3794,29.6223
Test,Podgrzybek,1,0,0,1/6/2020,-88.2376,32.0938
Test,Podgrzybek,1,0,0,1/6/2020,-112.5364,46.01269
Test,Podgrzybek,1,0,0,1/6/2020,-80.4806906,35.6264636
Test,Podgrzybek,1,0,0,1/6/2020,-80.4342396,35.6884453
Test,Podgrzybek,1,0,0,1/6/2020,-70.6206,41.7462
Test,Podgrzybek,1,0,0,1/6/2020,-77.453933,37.542026
Test,Podgrzybek,1,0,0,1/6/2020,-90.585022,38.420242
Test,Podgrzybek,1,0,0,1/6/2020,-85.722456,42.812545
Test,Podgrzybek,1,0,0,1/6/2020,-93.2900958,37.2297034
Test,Podgrzybek,1,0,0,1/6/2020,-92.096349,37.123768
Test,Podgrzybek,1,0,0,1/6/2020,-111.83565,41.7347646
Test,Podgrzybek,1,0,0,1/6/2020,-85.402114,44.250855
Test,Podgrzybek,1,0,0,1/6/2020,-87.83619,36.862713
Test,Podgrzybek,1,0,0,1/6/2020,-81.678425,28.355644
Test,Podgrzybek,1,0,0,1/6/2020,-84.208,30.8884
Test,Podgrzybek,1,0,0,1/6/2020,-90.7272087,29.5943053
Test,Podgrzybek,1,0,0,1/6/2020,-118.636,34.1587
Test,Podgrzybek,1,0,0,1/6/2020,-81.5386,35.9166
Test,Podgrzybek,1,0,0,1/6/2020,-74.275217,40.839983
Test,Podgrzybek,1,0,0,1/6/2020,-116.6892,43.66542
Test,Podgrzybek,1,0,0,1/6/2020,-85.5067032,42.7842298
Test,Podgrzybek,1,0,0,1/6/2020,-72.016637,44.416902
Test,Podgrzybek,1,0,0,1/6/2020,-72.015393,44.417208
Test,Podgrzybek,1,0,0,1/6/2020,-86.76804,33.096
Test,Podgrzybek,1,0,0,1/6/2020,-115.487132,32.67585
Test,Podgrzybek,1,0,0,1/6/2020,-74.224,40.0553
Test,Podgrzybek,1,0,0,1/6/2020,-89.3129,33.8546
Test,Podgrzybek,1,0,0,1/6/2020,-80.7799,33.6647
Test,Podgrzybek,1,0,0,1/6/2020,-94.6342,42.3947
Test,Podgrzybek,1,0,0,1/6/2020,-85.831171,33.666702
Test,Podgrzybek,1,0,0,1/6/2020,-81.092427,38.698875
Test,Podgrzybek,1,0,0,1/6/2020,-122.125309,37.4141716
Test,Podgrzybek,1,0,0,1/6/2020,-76.499596,38.294524
Test,Podgrzybek,1,0,0,1/6/2020,-122.580231,38.578829
Test,Podgrzybek,1,0,0,1/6/2020,-85.585966,30.144992
Test,Podgrzybek,1,0,0,1/6/2020,-84.846618,32.847217
Test,Podgrzybek,1,0,0,1/6/2020,-75.058104,41.765515
Test,Podgrzybek,1,0,0,1/6/2020,-75.0555,41.76402
Test,Podgrzybek,1,0,0,1/6/2020,-91.8664,43.1819
Test,Podgrzybek,1,0,0,1/6/2020,-76.617912,38.522728
Test,Podgrzybek,1,0,0,1/6/2020,-76.597676,38.558772
Test,Podgrzybek,1,0,0,1/6/2020,-76.461245,38.324634
Test,Podgrzybek,1,0,0,1/6/2020,-90.275,41.7939
Test,Podgrzybek,1,0,0,1/6/2020,-122.455221,48.241385
Test,Podgrzybek,1,0,0,1/6/2020,-119.041311,34.216538
Test,Podgrzybek,1,0,0,1/6/2020,-122.402169,45.587164
Test,Podgrzybek,1,0,0,1/6/2020,-89.103246,43.5432324
Test,Podgrzybek,1,0,0,1/6/2020,-121.096,35.5644
Test,Podgrzybek,1,0,0,1/6/2020,-121.9314131,37.261812
Test,Podgrzybek,1,0,0,1/6/2020,-71.0873,42.3628
Test,Podgrzybek,1,0,0,1/6/2020,-71.1012855,42.365228
Test,Podgrzybek,1,0,0,1/6/2020,-116.678753,44.572846
Test,Podgrzybek,1,0,0,1/6/2020,-93.0094,45.586
Test,Podgrzybek,1,0,0,1/6/2020,-76.072147,38.574894
Test,Podgrzybek,1,0,0,1/6/2020,-89.01634,43.004004
Test,Podgrzybek,1,0,0,1/6/2020,-73.3813726,43.0280128
Test,Podgrzybek,1,0,0,1/6/2020,-71.0889,42.3623
Test,Podgrzybek,1,0,0,1/6/2020,-71.111,42.3552
Test,Podgrzybek,1,0,0,1/6/2020,-75.119469,39.942729
Test,Podgrzybek,1,0,0,1/6/2020,-75.610099,38.340529
Test,Podgrzybek,1,0,0,1/6/2020,-93.309374,45.035867
Test,Podgrzybek,1,0,0,1/6/2020,-87.3034,32.0051
Test,Podgrzybek,1,0,0,1/6/2020,-92.8495,33.5848
Test,Podgrzybek,1,0,0,1/6/2020,-89.788781,30.28138
Test,Podgrzybek,1,0,0,1/6/2020,-91.233344,43.807526
Test,Podgrzybek,1,0,0,1/6/2020,-120.97264,38.657728
Test,Podgrzybek,1,0,0,1/6/2020,-77.3423982,34.5928144
Test,Podgrzybek,1,0,0,1/6/2020,-84.392748,38.977291
Test,Podgrzybek,1,0,0,1/6/2020,-84.4521,39.0282
Test,Podgrzybek,1,0,0,1/6/2020,-84.492037,39.090155
Test,Podgrzybek,1,0,0,1/6/2020,-121.944,37.2871
Test,Podgrzybek,1,0,0,1/6/2020,-71.642885,43.850926
Test,Podgrzybek,1,0,0,1/6/2020,-69.5617,44.7617
Test,Podgrzybek,1,0,0,1/6/2020,-72.010402,43.646615
Test,Podgrzybek,1,0,0,1/6/2020,-71.797436,42.256235
Test,Podgrzybek,1,0,0,1/6/2020,-81.5686,40.8822
Test,Podgrzybek,1,0,0,1/6/2020,-82.401054,40.056583
Test,Podgrzybek,1,0,0,1/6/2020,-82.8059,39.842
Test,Podgrzybek,1,0,0,1/6/2020,-77.2785,42.8854
Test,Podgrzybek,1,0,0,1/6/2020,-77.2708381712437,42.9008046537638
Test,Podgrzybek,1,0,0,1/6/2020,-122.6939354,45.2624984
Test,Podgrzybek,1,0,0,1/6/2020,-99.2052,48.4848
Test,Podgrzybek,1,0,0,1/6/2020,-93.086021,31.760976
Test,Podgrzybek,1,0,0,1/6/2020,-98.990303,47.978245
Test,Podgrzybek,1,0,0,1/6/2020,-123.9607538,45.8898257
Test,Podgrzybek,1,0,0,1/6/2020,-89.0956887,37.7616326
Test,Podgrzybek,1,0,0,1/6/2020,-118.601612,34.203746
Test,Podgrzybek,1,0,0,1/6/2020,-105.43965,38.4729666
Test,Podgrzybek,1,0,0,1/6/2020,-71.565515,43.338273
Test,Podgrzybek,1,0,0,1/6/2020,-83.239661,42.784475
Test,Podgrzybek,1,0,0,1/6/2020,-71.1246,42.1766
Test,Podgrzybek,1,0,0,1/6/2020,-84.490904,34.236863
Test,Podgrzybek,1,0,0,1/6/2020,-90.035727,32.613767
Test,Podgrzybek,1,0,0,1/6/2020,-90.0349,40.5583
Test,Podgrzybek,1,0,0,1/6/2020,-75.168835,44.5955
Test,Podgrzybek,1,0,0,1/6/2020,-83.5346416,42.3087119
Test,Podgrzybek,1,0,0,1/6/2020,-82.840876,35.531962
Test,Podgrzybek,1,0,0,1/6/2020,-81.3775854,40.8012557
Test,Podgrzybek,1,0,0,1/6/2020,-81.403597,40.79609
Test,Podgrzybek,1,0,0,1/6/2020,-117.253,33.6733
Test,Podgrzybek,1,0,0,1/6/2020,-123.283313,42.939199
Test,Podgrzybek,1,0,0,1/6/2020,-70.66579,42.612646
Test,Podgrzybek,1,0,0,1/6/2020,-70.67753,42.60567
Test,Podgrzybek,1,0,0,1/6/2020,-81.952514,26.563733
Test,Podgrzybek,1,0,0,1/6/2020,-89.569613,37.29629
Test,Podgrzybek,1,0,0,1/6/2020,-89.519874,37.302699
Test,Podgrzybek,1,0,0,1/6/2020,-76.3343,44.1289
Test,Podgrzybek,1,0,0,1/6/2020,-100.352653,44.365983
Test,Podgrzybek,1,0,0,1/6/2020,-74.763513,40.218627
Test,Podgrzybek,1,0,0,1/6/2020,-75.5262294,39.1576541
Test,Podgrzybek,1,0,0,1/6/2020,-72.574892,44.260358
Test,Podgrzybek,1,0,0,1/6/2020,-72.577201,44.260362
Test,Podgrzybek,1,0,0,1/6/2020,-73.718251,42.694982
Test,Podgrzybek,1,0,0,1/6/2020,-73.805466,42.685543
Test,Podgrzybek,1,0,0,1/6/2020,-100.753,46.7949
Test,Podgrzybek,1,0,0,1/6/2020,-77.030256,38.894748
Test,Podgrzybek,1,0,0,1/6/2020,-92.200082,38.563511
Test,Podgrzybek,1,0,0,1/6/2020,-105.573184,33.545383
Test,Podgrzybek,1,0,0,1/6/2020,-100.772,46.835
Test,Podgrzybek,1,0,0,1/6/2020,-93.6031,41.5958
Test,Podgrzybek,1,0,0,1/6/2020,-122.312668,47.6156044
Test,Podgrzybek,1,0,0,1/6/2020,-81.6284,38.3525
Test,Podgrzybek,1,0,0,1/6/2020,-95.677761,39.046813
Test,Podgrzybek,1,0,0,1/6/2020,-77.0033,38.8765
Test,Podgrzybek,1,0,0,1/6/2020,-89.279478,43.085699
Test,Podgrzybek,1,0,0,1/6/2020,-81.1027,39.9319
Test,Podgrzybek,1,0,0,1/6/2020,-71.414641,41.833418
Test,Podgrzybek,1,0,0,1/6/2020,-82.190561,26.525179
Test,Podgrzybek,1,0,0,1/6/2020,-89.21672,37.727425
Test,Podgrzybek,1,0,0,1/6/2020,-107.211263,39.400039
Test,Podgrzybek,1,0,0,1/6/2020,-75.502489,41.572266
Test,Podgrzybek,1,0,0,1/6/2020,-89.243412,37.7302319
Test,Podgrzybek,1,0,0,1/6/2020,-111.9217879,33.8246683
Test,Podgrzybek,1,0,0,1/6/2020,-92.046885,30.317346
Test,Podgrzybek,1,0,0,1/6/2020,-68.000565,46.870637
Test,Podgrzybek,1,0,0,1/6/2020,-89.0086,36.869
Test,Podgrzybek,1,0,0,1/6/2020,-93.486073,41.494981
Test,Podgrzybek,1,0,0,1/6/2020,-77.1665,40.1944
Test,Podgrzybek,1,0,0,1/6/2020,-71.337766,42.52476
Test,Podgrzybek,1,0,0,1/6/2020,-104.228454,32.420235
Test,Podgrzybek,1,0,0,1/6/2020,-92.42868,46.664573
Test,Podgrzybek,1,0,0,1/6/2020,-92.457819,46.710401
Test,Podgrzybek,1,0,0,1/6/2020,-89.367814,38.61065
Test,Podgrzybek,1,0,0,1/6/2020,-86.13041,39.96943
Test,Podgrzybek,1,0,0,1/6/2020,-121.9270394,36.9872756
Test,Podgrzybek,1,0,0,1/6/2020,-121.912419,47.648587
Test,Podgrzybek,1,0,0,1/6/2020,-83.393464,43.490938
Test,Podgrzybek,1,0,0,1/6/2020,-77.895273,34.029778
Test,Podgrzybek,1,0,0,1/6/2020,-78.9601017,33.7601724
Test,Podgrzybek,1,0,0,1/6/2020,-82.4614,34.641892
Test,Podgrzybek,1,0,0,1/6/2020,-76.39337,42.380903
Test,Podgrzybek,1,0,0,1/6/2020,-90.2591,38.5467
Test,Podgrzybek,1,0,0,1/6/2020,-75.683661,39.734265
Test,Podgrzybek,1,0,0,1/6/2020,-119.52,34.3976
Test,Podgrzybek,1,0,0,1/6/2020,-79.077593,35.910879
Test,Podgrzybek,1,0,0,1/6/2020,-79.988803,40.400201
Test,Podgrzybek,1,0,0,1/6/2020,-77.00017,39.555942
Test,Podgrzybek,1,0,0,1/6/2020,-94.8641,42.0722
Test,Podgrzybek,1,0,0,1/6/2020,-73.99543,40.680703
Test,Podgrzybek,1,0,0,1/6/2020,-93.496941,39.358097
Test,Podgrzybek,1,0,0,1/6/2020,-90.4076327,39.2994549
Test,Podgrzybek,1,0,0,1/6/2020,-81.0869,40.572
Test,Podgrzybek,1,0,0,1/6/2020,-119.768216,39.162787
Test,Podgrzybek,1,0,0,1/6/2020,-118.259,33.8316
Test,Podgrzybek,1,0,0,1/6/2020,-82.9037,38.332
Test,Podgrzybek,1,0,0,1/6/2020,-75.6125,43.977
Test,Podgrzybek,1,0,0,1/6/2020,-91.13503,40.41271
Test,Podgrzybek,1,0,0,1/6/2020,-94.313535,37.167703
Test,Podgrzybek,1,0,0,1/6/2020,-92.9137,42.0382
Test,Podgrzybek,1,0,0,1/6/2020,-70.769182,41.888852
Test,Podgrzybek,1,0,0,1/6/2020,-78.7823443,35.7869682
Test,Podgrzybek,1,0,0,1/6/2020,-88.2387729,42.2087629
Test,Podgrzybek,1,0,0,1/6/2020,-77.4318929,43.0505711
Test,Podgrzybek,1,0,0,1/6/2020,-91.3408,42.1376
Test,Podgrzybek,1,0,0,1/6/2020,-121.891,45.6698
Test,Podgrzybek,1,0,0,1/6/2020,-70.522297,44.003917
Test,Podgrzybek,1,0,0,1/6/2020,-81.604037,41.504893
Test,Podgrzybek,1,0,0,1/6/2020,-83.1013,35.1106
Test,Podgrzybek,1,0,0,1/6/2020,-94.3725,38.6591
Test,Podgrzybek,1,0,0,1/6/2020,-94.6109,47.382
Test,Podgrzybek,1,0,0,1/6/2020,-86.0023,41.9115
Test,Podgrzybek,1,0,0,1/6/2020,-90.986,42.7262
Test,Podgrzybek,1,0,0,1/6/2020,-68.7983,44.3903
Test,Podgrzybek,1,0,0,1/6/2020,-98.5224,29.534131
Test,Podgrzybek,1,0,0,1/6/2020,-104.8600299,39.3722755
Test,Podgrzybek,1,0,0,1/6/2020,-73.1779,43.6116
Test,Podgrzybek,1,0,0,1/6/2020,-122.433102,37.764428
Test,Podgrzybek,1,0,0,1/6/2020,-122.0739386,37.6925557
Test,Podgrzybek,1,0,0,1/6/2020,-79.152655,36.4993399
Test,Podgrzybek,1,0,0,1/6/2020,-110.925,32.499
Test,Podgrzybek,1,0,0,1/6/2020,-81.269507,35.712066
Test,Podgrzybek,1,0,0,1/6/2020,-90.4864,45.5389
Test,Podgrzybek,1,0,0,1/6/2020,-81.221788,35.637794
Test,Podgrzybek,1,0,0,1/6/2020,-80.1068482,37.3835006
Test,Podgrzybek,1,0,0,1/6/2020,-77.6327462,43.1931226
Test,Podgrzybek,1,0,0,1/6/2020,-76.716714,39.280704
Test,Podgrzybek,1,0,0,1/6/2020,-76.732893,39.272265
Test,Podgrzybek,1,0,0,1/6/2020,-73.8659,42.2204
Test,Podgrzybek,1,0,0,1/6/2020,-97.7073,48.7749
Test,Podgrzybek,1,0,0,1/6/2020,-85.967205,37.141409
Test,Podgrzybek,1,0,0,1/6/2020,-120.912,35.4454
Test,Podgrzybek,1,0,0,1/6/2020,-75.855241,42.929771
Test,Podgrzybek,1,0,0,1/6/2020,-121.408,42.1987
Test,Podgrzybek,1,0,0,1/6/2020,-106.129207,38.842674
Test,Podgrzybek,1,0,0,1/6/2020,-105.99412,38.532657
Test,Podgrzybek,1,0,0,1/6/2020,-75.156709,39.978617
Test,Podgrzybek,1,0,0,1/6/2020,-75.941717,39.596555
Test,Podgrzybek,1,0,0,1/6/2020,-113.063291,37.679456
Test,Podgrzybek,1,0,0,1/6/2020,-91.1361,41.7647
Test,Podgrzybek,1,0,0,1/6/2020,-94.011533,37.860929
Test,Podgrzybek,1,0,0,1/6/2020,-92.4481584,42.5359498
Test,Podgrzybek,1,0,0,1/6/2020,-122.8141034,45.5263877
Test,Podgrzybek,1,0,0,1/6/2020,-74.0109,40.7088
Test,Podgrzybek,1,0,0,1/6/2020,-84.036747,35.085835
Test,Podgrzybek,1,0,0,1/6/2020,-93.5011,42.076
Test,Podgrzybek,1,0,0,1/6/2020,-87.987,43.2955
Test,Podgrzybek,1,0,0,1/6/2020,-95.6009552,33.1382484
Test,Podgrzybek,1,0,0,1/6/2020,-81.2879,28.2478
Test,Podgrzybek,1,0,0,1/6/2020,-84.57095,40.549926
Test,Podgrzybek,1,0,0,1/6/2020,-96.7869845,33.3247511
Test,Podgrzybek,1,0,0,1/6/2020,-93.3264,44.8669
Test,Podgrzybek,1,0,0,1/6/2020,-80.846,35.2263
Test,Podgrzybek,1,0,0,1/6/2020,,
Test,Podgrzybek,1,0,0,1/6/2020,-149.868,61.1881
Test,Podgrzybek,1,0,0,1/6/2020,-86.6837,33.6425
Test,Podgrzybek,1,0,0,1/6/2020,-86.6746,33.63
Test,Podgrzybek,1,0,0,1/6/2020,-85.5809,42.9154
Test,Podgrzybek,1,0,0,1/6/2020,-83.686354,32.62481
Test,Podgrzybek,1,0,0,1/6/2020,-87.4449,35.7906
Test,Podgrzybek,1,0,0,1/6/2020,-84.9963,39.8195
Test,Podgrzybek,1,0,0,1/6/2020,-84.1598756,39.61535
Test,Podgrzybek,1,0,0,1/6/2020,-75.616506,39.821415
Test,Podgrzybek,1,0,0,1/6/2020,-94.849189,45.972912
Test,Podgrzybek,1,0,0,1/6/2020,-94.20525,45.581787
Test,Podgrzybek,1,0,0,1/6/2020,-118.256,34.0058
Test,Podgrzybek,1,0,0,1/6/2020,-91.523164,42.201356
Test,Podgrzybek,1,0,0,1/6/2020,-82.4793,38.4111
Test,Podgrzybek,1,0,0,1/6/2020,-71.393481,41.890064
Test,Podgrzybek,1,0,0,1/6/2020,-122.680109,47.650238
Test,Podgrzybek,1,0,0,1/6/2020,-76.7295447,39.9635144
Test,Podgrzybek,1,0,0,1/6/2020,-76.1684,43.0727
Test,Podgrzybek,1,0,0,1/6/2020,-119.011,35.3761
Test,Podgrzybek,1,0,0,1/6/2020,-82.50025,27.286805
Test,Podgrzybek,1,0,0,1/6/2020,-97.8554,30.1364
Test,Podgrzybek,1,0,0,1/6/2020,-120.480453,37.2906169
Test,Podgrzybek,1,0,0,1/6/2020,-120.6299,37.35376
Test,Podgrzybek,1,0,0,1/6/2020,-89.1346,38.5264
Test,Podgrzybek,1,0,0,1/6/2020,-76.06513,39.044786
Test,Podgrzybek,1,0,0,1/6/2020,-66.9706,18.32878
Test,Podgrzybek,1,0,0,1/6/2020,-76.5206,37.1381
Test,Podgrzybek,1,0,0,1/6/2020,-118.416,34.0587
Test,Podgrzybek,1,0,0,1/6/2020,-120.955,37.5913
Test,Podgrzybek,1,0,0,1/6/2020,-118.062538,33.869285
Test,Podgrzybek,1,0,0,1/6/2020,-92.2676408,34.759053
Test,Podgrzybek,1,0,0,1/6/2020,-91.7376,35.2464
Test,Podgrzybek,1,0,0,1/6/2020,-81.0652553,33.9043794
Test,Podgrzybek,1,0,0,1/6/2020,-117.155106,33.523148
Test,Podgrzybek,1,0,0,1/6/2020,-121.489,38.5729
Test,Podgrzybek,1,0,0,1/6/2020,-103.001,42.8278
Test,Podgrzybek,1,0,0,1/6/2020,-114.281864,44.24111
Test,Podgrzybek,1,0,0,1/6/2020,-114.227231,44.505154
Test,Podgrzybek,1,0,0,1/6/2020,-99.335551,43.803428
Test,Podgrzybek,1,0,0,1/6/2020,-84.2997,33.8932
Test,Podgrzybek,1,0,0,1/6/2020,-121.846216,37.209328
Test,Podgrzybek,1,0,0,1/6/2020,-83.7509825,40.1068632
Test,Podgrzybek,1,0,0,1/6/2020,-81.1524,41.7784
Test,Podgrzybek,1,0,0,1/6/2020,-73.297621,44.722766
Test,Podgrzybek,1,0,0,1/6/2020,-111.841643,33.303481
Test,Podgrzybek,1,0,0,1/6/2020,-90.8017892,38.6341275
Test,Podgrzybek,1,0,0,1/6/2020,-88.217,41.43868
Test,Podgrzybek,1,0,0,1/6/2020,-95.45264,37.658606
Test,Podgrzybek,1,0,0,1/6/2020,-106.3769962,32.0014926
Test,Podgrzybek,1,0,0,1/6/2020,-104.796,38.9454
Test,Podgrzybek,1,0,0,1/6/2020,-121.815374,39.727376
Test,Podgrzybek,1,0,0,1/6/2020,-73.8838,40.9957
Test,Podgrzybek,1,0,0,1/6/2020,-93.3068373,41.0205771
Test,Podgrzybek,1,0,0,1/6/2020,-72.874,42.6273
Test,Podgrzybek,1,0,0,1/6/2020,-79.9065,40.1504
Test,Podgrzybek,1,0,0,1/6/2020,-92.677948,43.069128
Test,Podgrzybek,1,0,0,1/6/2020,-88.89497,30.39759
Test,Podgrzybek,1,0,0,1/6/2020,-71.1227,42.3723
Test,Podgrzybek,1,0,0,1/6/2020,-76.6164,39.3088
Test,Podgrzybek,1,0,0,1/6/2020,-77.858207,39.289098
Test,Podgrzybek,1,0,0,1/6/2020,-88.1752,39.4947
Test,Podgrzybek,1,0,0,1/6/2020,-94.0363153,35.2970353
Test,Podgrzybek,1,0,0,1/6/2020,-79.9356904,32.786867
Test,Podgrzybek,1,0,0,1/6/2020,-89.350007,36.910365
Test,Podgrzybek,1,0,0,1/6/2020,-93.21766,30.22645
Test,Podgrzybek,1,0,0,1/6/2020,-93.25038,30.172242
Test,Podgrzybek,1,0,0,1/6/2020,-71.0648,42.3752
Test,Podgrzybek,1,0,0,1/6/2020,-71.630089,41.384884
Test,Podgrzybek,1,0,0,1/6/2020,-85.2584,45.316373
Test,Podgrzybek,1,0,0,1/6/2020,-84.836318,42.565077
Test,Podgrzybek,1,0,0,1/6/2020,-82.079759,26.956452
Test,Podgrzybek,1,0,0,1/6/2020,,
Test,Podgrzybek,1,0,0,1/6/2020,-78.481654,38.029581
Test,Podgrzybek,1,0,0,1/6/2020,-73.979355,44.775583
Test,Podgrzybek,1,0,0,1/6/2020,-87.6014,41.7358
Test,Podgrzybek,1,0,0,1/6/2020,-74.38443,40.73968
Test,Podgrzybek,1,0,0,1/6/2020,-70.0205404,41.6785086
Test,Podgrzybek,1,0,0,1/6/2020,-73.6016,42.3568
Test,Podgrzybek,1,0,0,1/6/2020,-79.175913,35.726962
Test,Podgrzybek,1,0,0,1/6/2020,-118.597,34.2572
Test,Podgrzybek,1,0,0,1/6/2020,-85.3173713,35.0370066
Test,Podgrzybek,1,0,0,1/6/2020,-79.304999,42.096295
Test,Podgrzybek,1,0,0,1/6/2020,-73.4299444,44.8803997
Test,Podgrzybek,1,0,0,1/6/2020,-84.4716,45.5931
Test,Podgrzybek,1,0,0,1/6/2020,-95.972839,36.104717
Test,Podgrzybek,1,0,0,1/6/2020,-120.07,47.8597
Test,Podgrzybek,1,0,0,1/6/2020,-71.3805861111111,42.5713166666667
Test,Podgrzybek,1,0,0,1/6/2020,-71.352922,42.598007
Test,Podgrzybek,1,0,0,1/6/2020,-71.0381,42.3898
Test,Podgrzybek,1,0,0,1/6/2020,-84.02108,42.316315
Test,Podgrzybek,1,0,0,1/6/2020,-72.44747,43.98878
Test,Podgrzybek,1,0,0,1/6/2020,-74.0008,40.746293
Test,Podgrzybek,1,0,0,1/6/2020,-74.005108,40.749338
Test,Podgrzybek,1,0,0,1/6/2020,-117.574344,47.48903
Test,Podgrzybek,1,0,0,1/6/2020,-97.781571,37.62912
Test,Podgrzybek,1,0,0,1/6/2020,-79.880519,34.697158
Test,Podgrzybek,1,0,0,1/6/2020,-75.9825,37.1719
Test,Podgrzybek,1,0,0,1/6/2020,-85.670173,34.156258
Test,Podgrzybek,1,0,0,1/6/2020,-83.3117,35.4926
Test,Podgrzybek,1,0,0,1/6/2020,-90.227415,38.5938028
Test,Podgrzybek,1,0,0,1/6/2020,-100.5420414,42.8667549
Test,Podgrzybek,1,0,0,1/6/2020,-104.958827,39.717708
Test,Podgrzybek,1,0,0,1/6/2020,-117.190937,33.710775
Test,Podgrzybek,1,0,0,1/6/2020,-95.973375,36.138109
Test,Podgrzybek,1,0,0,1/6/2020,-84.117669,43.185151
Test,Podgrzybek,1,0,0,1/6/2020,-76.2422628,36.7204815
Test,Podgrzybek,1,0,0,1/6/2020,-81.21362,34.704029
Test,Podgrzybek,1,0,0,1/6/2020,-92.3172,43.3568
Test,Podgrzybek,1,0,0,1/6/2020,-72.5053,43.1976
Test,Podgrzybek,1,0,0,1/6/2020,-77.447348,37.358857
Test,Podgrzybek,1,0,0,1/6/2020,-74.696592,40.78402
Test,Podgrzybek,1,0,0,1/6/2020,-72.4502,41.4028
Test,Podgrzybek,1,0,0,1/6/2020,-77.504419,37.376728
Test,Podgrzybek,1,0,0,1/6/2020,-77.609299,37.507573
Test,Podgrzybek,1,0,0,1/6/2020,-87.0536,41.6108
Test,Podgrzybek,1,0,0,1/6/2020,-73.805133,43.648651
Test,Podgrzybek,1,0,0,1/6/2020,-76.0666,39.2095
Test,Podgrzybek,1,0,0,1/6/2020,-75.196974,40.06756
Test,Podgrzybek,1,0,0,1/6/2020,-76.90633,38.92414
Test,Podgrzybek,1,0,0,1/6/2020,-75.183116,40.057
Test,Podgrzybek,1,0,0,1/6/2020,-117.715235,48.28238
Test,Podgrzybek,1,0,0,1/6/2020,-102.977,41.1305
Test,Podgrzybek,1,0,0,1/6/2020,-104.814433,41.132217
Test,Podgrzybek,1,0,0,1/6/2020,-104.80857,41.161612
Test,Podgrzybek,1,0,0,1/6/2020,-104.81422,41.131978
Test,Podgrzybek,1,0,0,1/6/2020,-74.9163,39.916
Test,Podgrzybek,1,0,0,1/6/2020,-82.4747,28.1619
Test,Podgrzybek,1,0,0,1/6/2020,-87.646182,41.520174
Test,Podgrzybek,1,0,0,1/6/2020,-87.683301,30.407081
Test,Podgrzybek,1,0,0,1/6/2020,-87.644568,41.941208
Test,Podgrzybek,1,0,0,1/6/2020,-97.9441,35.0488
Test,Podgrzybek,1,0,0,1/6/2020,-121.598,39.7704
Test,Podgrzybek,1,0,0,1/6/2020,-121.848,39.7606
Test,Podgrzybek,1,0,0,1/6/2020,-72.6001281738281,42.1935806274414
Test,Podgrzybek,1,0,0,1/6/2020,-93.2626,44.9568
Test,Podgrzybek,1,0,0,1/6/2020,-93.8555137,38.5889377
Test,Podgrzybek,1,0,0,1/6/2020,-81.676633,36.80295
Test,Podgrzybek,1,0,0,1/6/2020,-77.7285,43.1061
Test,Podgrzybek,1,0,0,1/6/2020,-93.553418,39.793838
Test,Podgrzybek,1,0,0,1/6/2020,-83.0031767,39.3349929
Test,Podgrzybek,1,0,0,1/6/2020,-121.863,42.5766
Test,Podgrzybek,1,0,0,1/6/2020,-88.15492,44.021144
Test,Podgrzybek,1,0,0,1/6/2020,-122.7693133,48.0117583
Test,Podgrzybek,1,0,0,1/6/2020,-107.342,37.223
Test,Podgrzybek,1,0,0,1/6/2020,-80.5778246,35.570981
Test,Podgrzybek,1,0,0,1/6/2020,-75.3734494,37.9328247
Test,Podgrzybek,1,0,0,1/6/2020,-117.69,34.0126
Test,Podgrzybek,1,0,0,1/6/2020,-112.455293,34.740766
Test,Podgrzybek,1,0,0,1/6/2020,-85.5372,30.7791
Test,Podgrzybek,1,0,0,1/6/2020,-91.390203,44.935009
Test,Podgrzybek,1,0,0,1/6/2020,-80.369,40.7704
Test,Podgrzybek,1,0,0,1/6/2020,-92.890735,45.372951
Test,Podgrzybek,1,0,0,1/6/2020,-89.1774145,33.3206934
Test,Podgrzybek,1,0,0,1/6/2020,-120.264,37.1201
Test,Podgrzybek,1,0,0,1/6/2020,-64.7043,17.7449
Test,Podgrzybek,1,0,0,1/6/2020,-93.2207764,37.0223056
Test,Podgrzybek,1,0,0,1/6/2020,-80.410187,37.12877
Test,Podgrzybek,1,0,0,1/6/2020,-112.462,42.9202
Test,Podgrzybek,1,0,0,1/6/2020,-117.08,32.6403
Test,Podgrzybek,1,0,0,1/6/2020,-116.968,32.6231
Test,Podgrzybek,1,0,0,1/6/2020,-78.826597,37.353163
Test,Podgrzybek,1,0,0,1/6/2020,-79.6584,41.6528
Test,Podgrzybek,1,0,0,1/6/2020,-78.008079,37.077437
Test,Podgrzybek,1,0,0,1/6/2020,-98.2297673,29.5647022
Test,Podgrzybek,1,0,0,1/6/2020,-86.0135,40.1303
Test,Podgrzybek,1,0,0,1/6/2020,-75.8963,42.5379
Test,Podgrzybek,1,0,0,1/6/2020,-105.589,47.4154
Test,Podgrzybek,1,0,0,1/6/2020,-82.2587,29.1056
Test,Podgrzybek,1,0,0,1/6/2020,-79.771393,34.195452
Test,Podgrzybek,1,0,0,1/6/2020,-88.9544,39.8443
Test,Podgrzybek,1,0,0,1/6/2020,-72.8888,41.3093
Test,Podgrzybek,1,0,0,1/6/2020,-86.769,37.9517
Test,Podgrzybek,1,0,0,1/6/2020,-95.3693,29.7602
Test,Podgrzybek,1,0,0,1/6/2020,-87.7898,42.7257
Test,Podgrzybek,1,0,0,1/6/2020,-74.00631,40.713858
Test,Podgrzybek,1,0,0,1/6/2020,-157.852699,21.305408
Test,Podgrzybek,1,0,0,1/6/2020,-71.4647,42.7582
Test,Podgrzybek,1,0,0,1/6/2020,-117.101521,32.747831
Test,Podgrzybek,1,0,0,1/6/2020,-85.6077,44.7592
Test,Podgrzybek,1,0,0,1/6/2020,-83.8863179,43.5982695
Test,Podgrzybek,1,0,0,1/6/2020,-85.475592,32.584813
Test,Podgrzybek,1,0,0,1/6/2020,-94.581688,39.108685
Test,Podgrzybek,1,0,0,1/6/2020,-94.5821788,39.1086815
Test,Podgrzybek,1,0,0,1/6/2020,-86.206775,34.267096
Test,Podgrzybek,1,0,0,1/6/2020,-83.6878,44.05
Test,Podgrzybek,1,0,0,1/6/2020,-81.3761158,33.243691
Test,Podgrzybek,1,0,0,1/6/2020,-76.1804,42.5993
Test,Podgrzybek,1,0,0,1/6/2020,-90.1951,40.4926
Test,Podgrzybek,1,0,0,1/6/2020,-104.6921874,40.3763701
Test,Podgrzybek,1,0,0,1/6/2020,-71.04483,42.412739
Test,Podgrzybek,1,0,0,1/6/2020,-80.9241,36.6604
Test,Podgrzybek,1,0,0,1/6/2020,-80.925092,36.663427
Test,Podgrzybek,1,0,0,1/6/2020,-83.6321608,42.9273395
Test,Podgrzybek,1,0,0,1/6/2020,-84.709268,44.665784
Test,Podgrzybek,1,0,0,1/6/2020,-84.71587,44.66235
Test,Podgrzybek,1,0,0,1/6/2020,-89.0882,30.3656
Test,Podgrzybek,1,0,0,1/6/2020,-72.608042,42.20662
Test,Podgrzybek,1,0,0,1/6/2020,-87.839435,42.252341
Test,Podgrzybek,1,0,0,1/6/2020,-105.078491,40.387536
Test,Podgrzybek,1,0,0,1/6/2020,-77.473074,38.74949
Test,Podgrzybek,1,0,0,1/6/2020,-77.4737608,38.7505391
Test,Podgrzybek,1,0,0,1/6/2020,-79.2717,36.0982
Test,Podgrzybek,1,0,0,1/6/2020,-87.662984,41.162026
Test,Podgrzybek,1,0,0,1/6/2020,-73.112792,42.700694
Test,Podgrzybek,1,0,0,1/6/2020,-85.6988,42.4606
Test,Podgrzybek,1,0,0,1/6/2020,-96.043954,41.154774
Test,Podgrzybek,1,0,0,1/6/2020,-93.477256,45.023297
Test,Podgrzybek,1,0,0,1/6/2020,-77.589746,43.1656
Test,Podgrzybek,1,0,0,1/6/2020,-75.599094,43.07239
Test,Podgrzybek,1,0,0,1/6/2020,-91.000518,38.444664
Test,Podgrzybek,1,0,0,1/6/2020,-75.2112,43.0963
Test,Podgrzybek,1,0,0,1/6/2020,-83.46616,42.53957
Test,Podgrzybek,1,0,0,1/6/2020,-83.024314,42.512232
Test,Podgrzybek,1,0,0,1/6/2020,-91.1501459777355,38.8111352920532
Test,Podgrzybek,1,0,0,1/6/2020,-83.388269,42.282659
Test,Podgrzybek,1,0,0,1/6/2020,-91.1566,40.8253
Test,Podgrzybek,1,0,0,1/6/2020,-93.009031,45.085218
Test,Podgrzybek,1,0,0,1/6/2020,-93.523694,38.533748
Test,Podgrzybek,1,0,0,1/6/2020,-91.2159,30.6507
Test,Podgrzybek,1,0,0,1/6/2020,-87.82515,42.449962
Test,Podgrzybek,1,0,0,1/6/2020,-104.956863,39.74087
Test,Podgrzybek,1,0,0,1/6/2020,-72.569068,42.110615
Test,Podgrzybek,1,0,0,1/6/2020,-72.958562,41.325348
Test,Podgrzybek,1,0,0,1/6/2020,-72.888848,41.308956
Test,Podgrzybek,1,0,0,1/6/2020,-72.9188338,41.3011808
Test,Podgrzybek,1,0,0,1/6/2020,-72.917848,41.303232
Test,Podgrzybek,1,0,0,1/6/2020,-77.0139,38.4736
Test,Podgrzybek,1,0,0,1/6/2020,-89.8376,33.7922
Test,Podgrzybek,1,0,0,1/6/2020,-122.52913,45.426497
Test,Podgrzybek,1,0,0,1/6/2020,-117.175467,32.829628
Test,Podgrzybek,1,0,0,1/6/2020,-84.770679,43.818907
Test,Podgrzybek,1,0,0,1/6/2020,-117.718999,34.095636
Test,Podgrzybek,1,0,0,1/6/2020,-72.339305,43.375823
Test,Podgrzybek,1,0,0,1/6/2020,-81.146354,35.715641
Test,Podgrzybek,1,0,0,1/6/2020,-97.5095,35.584
Test,Podgrzybek,1,0,0,1/6/2020,-78.58945,42.98032
Test,Podgrzybek,1,0,0,1/6/2020,-77.095245,38.887065
Test,Podgrzybek,1,0,0,1/6/2020,-95.0369,40.7406
Test,Podgrzybek,1,0,0,1/6/2020,-79.3861,41.2146
Test,Podgrzybek,1,0,0,1/6/2020,-93.73269,42.73207
Test,Podgrzybek,1,0,0,1/6/2020,-93.0711,34.1189
Test,Podgrzybek,1,0,0,1/6/2020,-113.996586,46.8787176
Test,Podgrzybek,1,0,0,1/6/2020,-111.94827,33.408768
Test,Podgrzybek,1,0,0,1/6/2020,-75.209377,39.949309
Test,Podgrzybek,1,0,0,1/6/2020,-91.7627,40.3994
Test,Podgrzybek,1,0,0,1/6/2020,-81.9173,40.5455
Test,Podgrzybek,1,0,0,1/6/2020,-93.7656,41.0341
Test,Podgrzybek,1,0,0,1/6/2020,-77.9555,39.1006
Test,Podgrzybek,1,0,0,1/6/2020,-83.519221,34.61752
Test,Podgrzybek,1,0,0,1/6/2020,-80.282509,39.276376
Test,Podgrzybek,1,0,0,1/6/2020,-80.337583,39.280155
Test,Podgrzybek,1,0,0,1/6/2020,-77.278454,39.242225
Test,Podgrzybek,1,0,0,1/6/2020,-90.5749,34.2027
Test,Podgrzybek,1,0,0,1/6/2020,-83.4096,42.7615
Test,Podgrzybek,1,0,0,1/6/2020,-84.239409,33.805672
Test,Podgrzybek,1,0,0,1/6/2020,-93.4704,35.4703
Test,Podgrzybek,1,0,0,1/6/2020,-83.152922,42.54195
Test,Podgrzybek,1,0,0,1/6/2020,-96.4167,39.7033
Test,Podgrzybek,1,0,0,1/6/2020,-85.8491,33.2472
Test,Podgrzybek,1,0,0,1/6/2020,-81.083293,38.459612
Test,Podgrzybek,1,0,0,1/6/2020,-78.5253,40.0943
Test,Podgrzybek,1,0,0,1/6/2020,-78.4571444,35.651006
Test,Podgrzybek,1,0,0,1/6/2020,-91.1028,42.9064
Test,Podgrzybek,1,0,0,1/6/2020,-76.0881,44.2424
Test,Podgrzybek,1,0,0,1/6/2020,-83.397909,34.876972
Test,Podgrzybek,1,0,0,1/6/2020,-117.545394,47.98998
Test,Podgrzybek,1,0,0,1/6/2020,-121.9357925,37.9410341
Test,Podgrzybek,1,0,0,1/6/2020,-103.183,36.4492
Test,Podgrzybek,1,0,0,1/6/2020,-93.3844,43.1373
Test,Podgrzybek,1,0,0,1/6/2020,-83.5537,39.2112
Test,Podgrzybek,1,0,0,1/6/2020,-78.4434,41.0221
Test,Podgrzybek,1,0,0,1/6/2020,-122.636415,38.948893
Test,Podgrzybek,1,0,0,1/6/2020,-82.7862,27.9657
Test,Podgrzybek,1,0,0,1/6/2020,-85.596408,33.502928
Test,Podgrzybek,1,0,0,1/6/2020,-92.0195,35.4779
Test,Podgrzybek,1,0,0,1/6/2020,-97.407713,32.339893
Test,Podgrzybek,1,0,0,1/6/2020,-122.460989,37.783062
Test,Podgrzybek,1,0,0,1/6/2020,-82.8229,34.6861
Test,Podgrzybek,1,0,0,1/6/2020,-82.83789,34.679241
Test,Podgrzybek,1,0,0,1/6/2020,-82.787,34.6844
Test,Podgrzybek,1,0,0,1/6/2020,-86.324648,39.816827
Test,Podgrzybek,1,0,0,1/6/2020,-99.1179,46.8917
Test,Podgrzybek,1,0,0,1/6/2020,-90.7240183,33.7441357
Test,Podgrzybek,1,0,0,1/6/2020,-90.72057,33.74268
Test,Podgrzybek,1,0,0,1/6/2020,-77.058336,38.934867
Test,Podgrzybek,1,0,0,1/6/2020,-97.2925,39.5684
Test,Podgrzybek,1,0,0,1/6/2020,-73.809271,42.869606
Test,Podgrzybek,1,0,0,1/6/2020,-77.1395,42.9629
Test,Podgrzybek,1,0,0,1/6/2020,-82.707138,36.909823
Test,Podgrzybek,1,0,0,1/6/2020,-119.237,35.761
Test,Podgrzybek,1,0,0,1/6/2020,-118.908,35.259
Test,Podgrzybek,1,0,0,1/6/2020,-88.960591,40.152703
Test,Podgrzybek,1,0,0,1/6/2020,-83.831509,39.4392629
Test,Podgrzybek,1,0,0,1/6/2020,-85.1347,36.6909
Test,Podgrzybek,1,0,0,1/6/2020,-72.5224699,41.2777023
Test,Podgrzybek,1,0,0,1/6/2020,-93.7804,38.3657
Test,Podgrzybek,1,0,0,1/6/2020,-75.378406,43.04886
Test,Podgrzybek,1,0,0,1/6/2020,-74.905764,40.638373
Test,Podgrzybek,1,0,0,1/6/2020,-90.3308,32.3404
Test,Podgrzybek,1,0,0,1/6/2020,-83.016844,40.033973
Test,Podgrzybek,1,0,0,1/6/2020,-82.4584,37.1505
Test,Podgrzybek,1,0,0,1/6/2020,-83.7343,43.1779
Test,Podgrzybek,1,0,0,1/6/2020,-85.619065,31.7078144
Test,Podgrzybek,1,0,0,1/6/2020,-75.134088,40.0075074
Test,Podgrzybek,1,0,0,1/6/2020,-105.740595,32.957356
Test,Podgrzybek,1,0,0,1/6/2020,-92.2361,34.7511
Test,Podgrzybek,1,0,0,1/6/2020,-93.4369918,36.9385754
Test,Podgrzybek,1,0,0,1/6/2020,-123.3422923,43.3872218
Test,Podgrzybek,1,0,0,1/6/2020,-123.017263,38.805805
Test,Podgrzybek,1,0,0,1/6/2020,-103.196201,34.430477
Test,Podgrzybek,1,0,0,1/6/2020,-119.702,36.8239
Test,Podgrzybek,1,0,0,1/6/2020,-78.8238,42.9352
Test,Podgrzybek,1,0,0,1/6/2020,-97.398,39.5912
Test,Podgrzybek,1,0,0,1/6/2020,-76.764414,39.316055
Test,Podgrzybek,1,0,0,1/6/2020,-75.743782,39.684694
Test,Podgrzybek,1,0,0,1/6/2020,-75.665908,41.404178
Test,Podgrzybek,1,0,0,1/6/2020,-119.701521,37.261926
Test,Podgrzybek,1,0,0,1/6/2020,-71.423469,41.512118
Test,Podgrzybek,1,0,0,1/6/2020,-71.485463,41.572691
Test,Podgrzybek,1,0,0,1/6/2020,-122.43288,37.465552
Test,Podgrzybek,1,0,0,1/6/2020,-122.495184,37.609335
Test,Podgrzybek,1,0,0,1/6/2020,-90.3328,42.9674
Test,Podgrzybek,1,0,0,1/6/2020,-80.2427403,36.0865443
Test,Podgrzybek,1,0,0,1/6/2020,-83.710105,42.245054
Test,Podgrzybek,1,0,0,1/6/2020,-83.3588,32.3928
Test,Podgrzybek,1,0,0,1/6/2020,-80.6104,28.3177
Test,Podgrzybek,1,0,0,1/6/2020,-80.2468,25.728
Test,Podgrzybek,1,0,0,1/6/2020,-81.80921,26.404759
Test,Podgrzybek,1,0,0,1/6/2020,-71.07163,42.290184
Test,Podgrzybek,1,0,0,1/6/2020,-82.463127,36.9432199
Test,Podgrzybek,1,0,0,1/6/2020,-86.0862,35.5027
Test,Podgrzybek,1,0,0,1/6/2020,-95.6159,37.036
Test,Podgrzybek,1,0,0,1/6/2020,-80.482299,25.44985
Test,Podgrzybek,1,0,0,1/6/2020,-80.4834,25.4635
Test,Podgrzybek,1,0,0,1/6/2020,-70.8234,42.2326
Test,Podgrzybek,1,0,0,1/6/2020,-73.70068,42.77162
Test,Podgrzybek,1,0,0,1/6/2020,-87.6946,34.7597
Test,Podgrzybek,1,0,0,1/6/2020,-72.3241,41.568
Test,Podgrzybek,1,0,0,1/6/2020,-93.4539,44.995
Test,Podgrzybek,1,0,0,1/6/2020,-73.9497,41.4195
Test,Podgrzybek,1,0,0,1/6/2020,-78.6826,42.6453
Test,Podgrzybek,1,0,0,1/6/2020,-92.21122,38.581887
Test,Podgrzybek,1,0,0,1/6/2020,-71.5029,44.8919
Test,Podgrzybek,1,0,0,1/6/2020,-91.4634,42.4826
Test,Podgrzybek,1,0,0,1/6/2020,-120.957,39.0884
Test,Podgrzybek,1,0,0,1/6/2020,-84.54511,39.19568
Test,Podgrzybek,1,0,0,1/6/2020,-92.456087,42.517617
Test,Podgrzybek,1,0,0,1/6/2020,-122.337849,37.533092
Test,Podgrzybek,1,0,0,1/6/2020,-93.041,36.6546965
Test,Podgrzybek,1,0,0,1/6/2020,-76.93738,38.98095
Test,Podgrzybek,1,0,0,1/6/2020,-76.92268,38.97583
Test,Podgrzybek,1,0,0,1/6/2020,-87.668745,34.801805
Test,Podgrzybek,1,0,0,1/6/2020,-96.653789,40.772566
Test,Podgrzybek,1,0,0,1/6/2020,-80.66095,32.903596
Test,Podgrzybek,1,0,0,1/6/2020,-81.763926,26.126959
Test,Podgrzybek,1,0,0,1/6/2020,-89.677,35.0461
Test,Podgrzybek,1,0,0,1/6/2020,-75.069,39.9153
Test,Podgrzybek,1,0,0,1/6/2020,-93.3063,41.9028
Test,Podgrzybek,1,0,0,1/6/2020,-80.1283,25.7975
Test,Podgrzybek,1,0,0,1/6/2020,-72.923264,41.810819
Test,Podgrzybek,1,0,0,1/6/2020,-95.8403,36.3608
Test,Podgrzybek,1,0,0,1/6/2020,-93.31066,42.02277
Test,Podgrzybek,1,0,0,1/6/2020,-76.9632693,38.2508327
Test,Podgrzybek,1,0,0,1/6/2020,-77.412031,37.265694
Test,Podgrzybek,1,0,0,1/6/2020,-89.0291,42.2526
Test,Podgrzybek,1,0,0,1/6/2020,-104.814688,38.937716
Test,Podgrzybek,1,0,0,1/6/2020,-104.822309,38.830543
Test,Podgrzybek,1,0,0,1/6/2020,-122.382,45.2017
Test,Podgrzybek,1,0,0,1/6/2020,-92.321695,38.962326
Test,Podgrzybek,1,0,0,1/6/2020,-122.2861515,47.5586613
Test,Podgrzybek,1,0,0,1/6/2020,-93.2273,33.2598
Test,Podgrzybek,1,0,0,1/6/2020,-114.180608,48.367538
Test,Podgrzybek,1,0,0,1/6/2020,-87.0304808,35.6187845
Test,Podgrzybek,1,0,0,1/6/2020,-92.344469,38.967955
Test,Podgrzybek,1,0,0,1/6/2020,-92.352179,38.908719
Test,Podgrzybek,1,0,0,1/6/2020,-120.410011,38.029395
Test,Podgrzybek,1,0,0,1/6/2020,-77.0327468,38.9302453
Test,Podgrzybek,1,0,0,1/6/2020,-77.086638,38.862393
Test,Podgrzybek,1,0,0,1/6/2020,-73.96436,40.807345
Test,Podgrzybek,1,0,0,1/6/2020,-124.053969,46.350134
Test,Podgrzybek,1,0,0,1/6/2020,-86.62,33.1795
Test,Podgrzybek,1,0,0,1/6/2020,-85.900278,39.223468
Test,Podgrzybek,1,0,0,1/6/2020,-78.706229,34.354903
Test,Podgrzybek,1,0,0,1/6/2020,-89.0147,43.3389
Test,Podgrzybek,1,0,0,1/6/2020,-74.7251,40.0554
Test,Podgrzybek,1,0,0,1/6/2020,-109.253654,45.636795
Test,Podgrzybek,1,0,0,1/6/2020,-97.36036,41.430012
Test,Podgrzybek,1,0,0,1/6/2020,-82.198595,35.251205
Test,Podgrzybek,1,0,0,1/6/2020,-91.360422,41.278984
Test,Podgrzybek,1,0,0,1/6/2020,-94.831459,37.171861
Test,Podgrzybek,1,0,0,1/6/2020,-82.9805967,39.9593044
Test,Podgrzybek,1,0,0,1/6/2020,-82.999711,40.052463
Test,Podgrzybek,1,0,0,1/6/2020,-121.997,39.187
Test,Podgrzybek,1,0,0,1/6/2020,-117.88,48.5564
Test,Podgrzybek,1,0,0,1/6/2020,-96.9110998,33.5491175
Test,Podgrzybek,1,0,0,1/6/2020,-98.91297,29.96761
Test,Podgrzybek,1,0,0,1/6/2020,-84.362538,33.964608
Test,Podgrzybek,1,0,0,1/6/2020,-75.160824,39.964153
Test,Podgrzybek,1,0,0,1/6/2020,-81.804309,26.309917
Test,Podgrzybek,1,0,0,1/6/2020,-96.5773,46.8716
Test,Podgrzybek,1,0,0,1/6/2020,-93.057111,34.629989
Test,Podgrzybek,1,0,0,1/6/2020,-81.072324,33.997394
Test,Podgrzybek,1,0,0,1/6/2020,-86.4658499,36.9657743
Test,Podgrzybek,1,0,0,1/6/2020,-80.057952,26.528433
Test,Podgrzybek,1,0,0,1/6/2020,-80.3059125,26.1458909
Test,Podgrzybek,1,0,0,1/6/2020,-80.252796,26.228856
Test,Podgrzybek,1,0,0,1/6/2020,-89.2155217,37.7283203
Test,Podgrzybek,1,0,0,1/6/2020,-110.92521,32.188882
Test,Podgrzybek,1,0,0,1/6/2020,-98.953,40.4998
Test,Podgrzybek,1,0,0,1/6/2020,-80.400238,37.215805
Test,Podgrzybek,1,0,0,1/6/2020,-117.374,47.6938
Test,Podgrzybek,1,0,0,1/6/2020,-89.939947,34.513561
Test,Podgrzybek,1,0,0,1/6/2020,-118.2239734,33.8979171
Test,Podgrzybek,1,0,0,1/6/2020,-109.603,34.4751
Test,Podgrzybek,1,0,0,1/6/2020,-100.432,31.4555
Test,Podgrzybek,1,0,0,1/6/2020,-71.538411,43.206451
Test,Podgrzybek,1,0,0,1/6/2020,-122.0339936,37.9777842
Test,Podgrzybek,1,0,0,1/6/2020,-84.4234,42.2485
Test,Podgrzybek,1,0,0,1/6/2020,-97.661,39.5665
Test,Podgrzybek,1,0,0,1/6/2020,-97.6304,39.8236
Test,Podgrzybek,1,0,0,1/6/2020,-120.184691,45.232559
Test,Podgrzybek,1,0,0,1/6/2020,-86.956701,31.433057
Test,Podgrzybek,1,0,0,1/6/2020,-73.98365,40.581106
Test,Podgrzybek,1,0,0,1/6/2020,-74.002,40.6355
Test,Podgrzybek,1,0,0,1/6/2020,-105.2872435,39.5445624
Test,Podgrzybek,1,0,0,1/6/2020,-80.5602,41.9455
Test,Podgrzybek,1,0,0,1/6/2020,-72.672892,41.766118
Test,Podgrzybek,1,0,0,1/6/2020,-79.594359,40.017394
Test,Podgrzybek,1,0,0,1/6/2020,-90.317994,38.701724
Test,Podgrzybek,1,0,0,1/6/2020,-81.2177047729492,35.7063941955566
Test,Podgrzybek,1,0,0,1/6/2020,-75.308,40.0741
Test,Podgrzybek,1,0,0,1/6/2020,-71.7130804,43.222673
Test,Podgrzybek,1,0,0,1/6/2020,-87.6926,41.903
Test,Podgrzybek,1,0,0,1/6/2020,-92.7431,35.1588
Test,Podgrzybek,1,0,0,1/6/2020,-92.412827,35.078644
Test,Podgrzybek,1,0,0,1/6/2020,-92.4128275,35.0786441
Test,Podgrzybek,1,0,0,1/6/2020,-79.0469799,33.8342831
Test,Podgrzybek,1,0,0,1/6/2020,-72.6981,42.5091
Test,Podgrzybek,1,0,0,1/6/2020,-92.449952,35.091704
Test,Podgrzybek,1,0,0,1/6/2020,-92.6893,47.8516
Test,Podgrzybek,1,0,0,1/6/2020,-85.5016,36.1628
Test,Podgrzybek,1,0,0,1/6/2020,-75.5572862,39.749416
Test,Podgrzybek,1,0,0,1/6/2020,-94.6776,41.8658
Test,Podgrzybek,1,0,0,1/6/2020,-73.8255,40.8726
Test,Podgrzybek,1,0,0,1/6/2020,-73.939017,40.716065
Test,Podgrzybek,1,0,0,1/6/2020,-89.990683,35.1188424
Test,Podgrzybek,1,0,0,1/6/2020,-66.06528,18.416678
Test,Podgrzybek,1,0,0,1/6/2020,-73.606772,42.514498
Test,Podgrzybek,1,0,0,1/6/2020,-98.124,47.4444
Test,Podgrzybek,1,0,0,1/6/2020,-74.925265,42.700126
Test,Podgrzybek,1,0,0,1/6/2020,-85.9412,43.0599
Test,Podgrzybek,1,0,0,1/6/2020,-124.215299,43.367982
Test,Podgrzybek,1,0,0,1/6/2020,-73.517481,42.170062
Test,Podgrzybek,1,0,0,1/6/2020,-90.394263,31.861084
Test,Podgrzybek,1,0,0,1/6/2020,-81.644372,41.104215
Test,Podgrzybek,1,0,0,1/6/2020,-81.630011,41.096075
Test,Podgrzybek,1,0,0,1/6/2020,-71.07639,42.349966
Test,Podgrzybek,1,0,0,1/6/2020,-97.007022,32.952867
Test,Podgrzybek,1,0,0,1/6/2020,-76.9756,39.3782
Test,Podgrzybek,1,0,0,1/6/2020,-145.444,62.0879
Test,Podgrzybek,1,0,0,1/6/2020,-98.185,31.0708
Test,Podgrzybek,1,0,0,1/6/2020,-124.191,43.1755
Test,Podgrzybek,1,0,0,1/6/2020,-80.2632,25.749
Test,Podgrzybek,1,0,0,1/6/2020,-80.260407,25.7504534
Test,Podgrzybek,1,0,0,1/6/2020,-91.584155,41.678726
Test,Podgrzybek,1,0,0,1/6/2020,-80.1612,40.5163
Test,Podgrzybek,1,0,0,1/6/2020,-83.8654,31.8985
Test,Podgrzybek,1,0,0,1/6/2020,-82.751016,27.741575
Test,Podgrzybek,1,0,0,1/6/2020,-82.749527,27.742378
Test,Podgrzybek,1,0,0,1/6/2020,-88.4963,34.9478
Test,Podgrzybek,1,0,0,1/6/2020,-76.505311,40.110513
Test,Podgrzybek,1,0,0,1/6/2020,-122.185434,39.931718
Test,Podgrzybek,1,0,0,1/6/2020,-77.0547,42.1429
Test,Podgrzybek,1,0,0,1/6/2020,-82.0891,39.604
Test,Podgrzybek,1,0,0,1/6/2020,-72.2766,43.5074
Test,Podgrzybek,1,0,0,1/6/2020,-91.1014,46.8578
Test,Podgrzybek,1,0,0,1/6/2020,-111.918668,34.718187
Test,Podgrzybek,1,0,0,1/6/2020,-73.3577,41.8734
Test,Podgrzybek,1,0,0,1/6/2020,-117.869,33.6004
Test,Podgrzybek,1,0,0,1/6/2020,-73.8626778,40.7499046
Test,Podgrzybek,1,0,0,1/6/2020,-117.56526,33.886153
Test,Podgrzybek,1,0,0,1/6/2020,-117.167736,32.697827
Test,Podgrzybek,1,0,0,1/6/2020,-97.392206,27.791601
Test,Podgrzybek,1,0,0,1/6/2020,-97.391425,27.702789
Test,Podgrzybek,1,0,0,1/6/2020,-106.6201646,35.2200064
Test,Podgrzybek,1,0,0,1/6/2020,-95.7848,42.475
Test,Podgrzybek,1,0,0,1/6/2020,-112.342222,33.683068
Test,Podgrzybek,1,0,0,1/6/2020,-112.3444871,33.685606
Test,Podgrzybek,1,0,0,1/6/2020,-122.551,38.0703
Test,Podgrzybek,1,0,0,1/6/2020,-73.9652999,40.6408302
Test,Podgrzybek,1,0,0,1/6/2020,-108.587634,37.348444
Test,Podgrzybek,1,0,0,1/6/2020,-96.7075,40.5016
Test,Podgrzybek,1,0,0,1/6/2020,-80.726906,41.325344
Test,Podgrzybek,1,0,0,1/6/2020,-123.2582494,44.5648128
Test,Podgrzybek,1,0,0,1/6/2020,-123.314881,44.567022
Test,Podgrzybek,1,0,0,1/6/2020,-81.866236,40.273688
Test,Podgrzybek,1,0,0,1/6/2020,-117.906013,33.665563
Test,Podgrzybek,1,0,0,1/6/2020,-122.707298,38.326544
Test,Podgrzybek,1,0,0,1/6/2020,-98.9491,46.3014
Test,Podgrzybek,1,0,0,1/6/2020,-117.603,33.4179
Test,Podgrzybek,1,0,0,1/6/2020,-105.682,38.3728
Test,Podgrzybek,1,0,0,1/6/2020,-85.674054,31.64705
Test,Podgrzybek,1,0,0,1/6/2020,-92.5354,36.2712
Test,Podgrzybek,1,0,0,1/6/2020,-95.2352,38.95063
Test,Podgrzybek,1,0,0,1/6/2020,-85.07274,33.571347
Test,Podgrzybek,1,0,0,1/6/2020,-122.282,40.384
Test,Podgrzybek,1,0,0,1/6/2020,-112.027,34.7456
Test,Podgrzybek,1,0,0,1/6/2020,-87.7162,41.5572
Test,Podgrzybek,1,0,0,1/6/2020,-88.2769,40.1148
Test,Podgrzybek,1,0,0,1/6/2020,-120.691,35.6258
Test,Podgrzybek,1,0,0,1/6/2020,-120.659,35.6447
Test,Podgrzybek,1,0,0,1/6/2020,-120.697,35.6958
Test,Podgrzybek,1,0,0,1/6/2020,-100.31599,44.379205
Test,Podgrzybek,1,0,0,1/6/2020,-87.951651,37.47559
Test,Podgrzybek,1,0,0,1/6/2020,-91.828516,45.443768
Test,Podgrzybek,1,0,0,1/6/2020,-102.397,48.3725
Test,Podgrzybek,1,0,0,1/6/2020,-81.553272,41.098698
Test,Podgrzybek,1,0,0,1/6/2020,-81.583614,41.189312
Test,Podgrzybek,1,0,0,1/6/2020,-81.515871,41.08885
Test,Podgrzybek,1,0,0,1/6/2020,-81.589922,41.192676
Test,Podgrzybek,1,0,0,1/6/2020,-122.689153,48.219316
Test,Podgrzybek,1,0,0,1/6/2020,-92.6948973,30.4813117
Test,Podgrzybek,1,0,0,1/6/2020,-75.6385,42.3161
Test,Podgrzybek,1,0,0,1/6/2020,-72.345186,41.764283
Test,Podgrzybek,1,0,0,1/6/2020,-81.58,41.5081
Test,Podgrzybek,1,0,0,1/6/2020,-84.3852,40.5442
Test,Podgrzybek,1,0,0,1/6/2020,-117.89,34.0893
Test,Podgrzybek,1,0,0,1/6/2020,-89.6462798,35.5651114
Test,Podgrzybek,1,0,0,1/6/2020,-79.99436,37.79351
Test,Podgrzybek,1,0,0,1/6/2020,-90.0955,30.4793
Test,Podgrzybek,1,0,0,1/6/2020,-84.508855,39.088659
Test,Podgrzybek,1,0,0,1/6/2020,-95.6518,35.9499
Test,Podgrzybek,1,0,0,1/6/2020,-122.964,46.1501
Test,Podgrzybek,1,0,0,1/6/2020,-122.925,46.1406
Test,Podgrzybek,1,0,0,1/6/2020,-101.412,46.8462
Test,Podgrzybek,1,0,0,1/6/2020,-97.442048,32.716447
Test,Podgrzybek,1,0,0,1/6/2020,-73.795227,42.352405
Test,Podgrzybek,1,0,0,1/6/2020,-92.2574988,38.7736219
Test,Podgrzybek,1,0,0,1/6/2020,-99.9859,40.8595
Test,Podgrzybek,1,0,0,1/6/2020,-99.9901154,40.8606228
Test,Podgrzybek,1,0,0,1/6/2020,-109.58853,44.5205554
Test,Podgrzybek,1,0,0,1/6/2020,-72.382604,44.65411
Test,Podgrzybek,1,0,0,1/6/2020,-107.546,40.5152
Test,Podgrzybek,1,0,0,1/6/2020,-79.7101,41.3498
Test,Podgrzybek,1,0,0,1/6/2020,-93.572941,36.899749
Test,Podgrzybek,1,0,0,1/6/2020,-86.901777,40.040589
Test,Podgrzybek,1,0,0,1/6/2020,-78.6812,36.1278
Test,Podgrzybek,1,0,0,1/6/2020,-82.8664,40.0113
Test,Podgrzybek,1,0,0,1/6/2020,-79.936471,35.891603
Test,Podgrzybek,1,0,0,1/6/2020,-98.0099,42.4067
Test,Podgrzybek,1,0,0,1/6/2020,-86.2846,31.7433
Test,Podgrzybek,1,0,0,1/6/2020,-118.335221,34.010835
Test,Podgrzybek,1,0,0,1/6/2020,-91.833707,30.015729
Test,Podgrzybek,1,0,0,1/6/2020,-81.509943,29.429825
Test,Podgrzybek,1,0,0,1/6/2020,-124.147,41.8548
Test,Podgrzybek,1,0,0,1/6/2020,-90.133127,29.932171
Test,Podgrzybek,1,0,0,1/6/2020,-90.058904,29.960279
Test,Podgrzybek,1,0,0,1/6/2020,-90.133127,29.932159
Test,Podgrzybek,1,0,0,1/6/2020,-71.186029,42.117516
Test,Podgrzybek,1,0,0,1/6/2020,-92.118784,43.371656
Test,Podgrzybek,1,0,0,1/6/2020,-106.9874825,38.869755
Test,Podgrzybek,1,0,0,1/6/2020,-94.3828,41.0524
Test,Podgrzybek,1,0,0,1/6/2020,-86.5631,30.7734
Test,Podgrzybek,1,0,0,1/6/2020,-123.018482,43.918649
Test,Podgrzybek,1,0,0,1/6/2020,-87.6314,41.4456
Test,Podgrzybek,1,0,0,1/6/2020,-96.6777,40.5716
Test,Podgrzybek,1,0,0,1/6/2020,-90.4564338,38.6728389
Test,Podgrzybek,1,0,0,1/6/2020,-87.632395,41.895206
Test,Podgrzybek,1,0,0,1/6/2020,-87.6323748,41.8951778
Test,Podgrzybek,1,0,0,1/6/2020,-92.136565,39.118058
Test,Podgrzybek,1,0,0,1/6/2020,-89.2205,35.8149
Test,Podgrzybek,1,0,0,1/6/2020,-76.696765,39.004666
Test,Podgrzybek,1,0,0,1/6/2020,-72.6456367,41.5849274
Test,Podgrzybek,1,0,0,1/6/2020,-86.211863,39.885357
Test,Podgrzybek,1,0,0,1/6/2020,-96.6094,47.7746
Test,Podgrzybek,1,0,0,1/6/2020,-96.6035,47.7893
Test,Podgrzybek,1,0,0,1/6/2020,-103.297,48.9088
Test,Podgrzybek,1,0,0,1/6/2020,-80.191506,33.363886
Test,Podgrzybek,1,0,0,1/6/2020,-90.78618,35.22325
Test,Podgrzybek,1,0,0,1/6/2020,-89.641947,43.111545
Test,Podgrzybek,1,0,0,1/6/2020,-97.1331,33.2235
Test,Podgrzybek,1,0,0,1/6/2020,-91.961473,33.123917
Test,Podgrzybek,1,0,0,1/6/2020,-85.51054,43.875639
Test,Podgrzybek,1,0,0,1/6/2020,-84.3289,39.6435
Test,Podgrzybek,1,0,0,1/6/2020,-105.106692,39.788405
Test,Podgrzybek,1,0,0,1/6/2020,-122.129962,47.61974
Test,Podgrzybek,1,0,0,1/6/2020,-73.664419,40.679365
Test,Podgrzybek,1,0,0,1/6/2020,-73.664301,40.679753
Test,Podgrzybek,1,0,0,1/6/2020,-76.990169,38.990479
Test,Podgrzybek,1,0,0,1/6/2020,-114.4085896,42.9329363
Test,Podgrzybek,1,0,0,1/6/2020,-90.555756,34.178923
Test,Podgrzybek,1,0,0,1/6/2020,-121.287228,37.950864
Test,Podgrzybek,1,0,0,1/6/2020,-115.97,44.1135
Test,Podgrzybek,1,0,0,1/6/2020,-87.3647,41.4155
Test,Podgrzybek,1,0,0,1/6/2020,-90.179753,37.778019
Test,Podgrzybek,1,0,0,1/6/2020,-78.7019,38.068
Test,Podgrzybek,1,0,0,1/6/2020,-85.6884,42.9957
Test,Podgrzybek,1,0,0,1/6/2020,-84.9149,43.2581
Test,Podgrzybek,1,0,0,1/6/2020,-88.31701,42.243752
